sido,sigungu,car_type,car_purpose
서울,강남구,승용,관용
서울,강남구,승용,자가용
서울,강남구,승용,영업용
서울,강남구,승용,계
서울,강남구,승합,관용
서울,강남구,승합,자가용
서울,강남구,승합,영업용
서울,강남구,승합,계
서울,강남구,화물,관용
서울,강남구,화물,자가용
서울,강남구,화물,영업용
서울,강남구,화물,계
서울,강남구,특수,관용
서울,강남구,특수,자가용
서울,강남구,특수,영업용
서울,강남구,특수,계
서울,강남구,총계,관용
서울,강남구,총계,자가용
서울,강남구,총계,영업용
서울,강남구,총계,계
서울,강동구,승용,관용
서울,강동구,승용,자가용
서울,강동구,승용,영업용
서울,강동구,승용,계
서울,강동구,승합,관용
서울,강동구,승합,자가용
서울,강동구,승합,영업용
서울,강동구,승합,계
서울,강동구,화물,관용
서울,강동구,화물,자가용
서울,강동구,화물,영업용
서울,강동구,화물,계
서울,강동구,특수,관용
서울,강동구,특수,자가용
서울,강동구,특수,영업용
서울,강동구,특수,계
서울,강동구,총계,관용
서울,강동구,총계,자가용
서울,강동구,총계,영업용
서울,강동구,총계,계
서울,강북구,승용,관용
서울,강북구,승용,자가용
서울,강북구,승용,영업용
서울,강북구,승용,계
서울,강북구,승합,관용
서울,강북구,승합,자가용
서울,강북구,승합,영업용
서울,강북구,승합,계
서울,강북구,화물,관용
서울,강북구,화물,자가용
서울,강북구,화물,영업용
서울,강북구,화물,계
서울,강북구,특수,관용
서울,강북구,특수,자가용
서울,강북구,특수,영업용
서울,강북구,특수,계
서울,강북구,총계,관용
서울,강북구,총계,자가용
서울,강북구,총계,영업용
서울,강북구,총계,계
서울,강서구,승용,관용
서울,강서구,승용,자가용
서울,강서구,승용,영업용
서울,강서구,승용,계
서울,강서구,승합,관용
서울,강서구,승합,자가용
서울,강서구,승합,영업용
서울,강서구,승합,계
서울,강서구,화물,관용
서울,강서구,화물,자가용
서울,강서구,화물,영업용
서울,강서구,화물,계
서울,강서구,특수,관용
서울,강서구,특수,자가용
서울,강서구,특수,영업용
서울,강서구,특수,계
서울,강서구,총계,관용
서울,강서구,총계,자가용
서울,강서구,총계,영업용
서울,강서구,총계,계
서울,관악구,승용,관용
서울,관악구,승용,자가용
서울,관악구,승용,영업용
서울,관악구,승용,계
서울,관악구,승합,관용
서울,관악구,승합,자가용
서울,관악구,승합,영업용
서울,관악구,승합,계
서울,관악구,화물,관용
서울,관악구,화물,자가용
서울,관악구,화물,영업용
서울,관악구,화물,계
서울,관악구,특수,관용
서울,관악구,특수,자가용
서울,관악구,특수,영업용
서울,관악구,특수,계
서울,관악구,총계,관용
서울,관악구,총계,자가용
서울,관악구,총계,영업용
서울,관악구,총계,계
서울,광진구,승용,관용
서울,광진구,승용,자가용
서울,광진구,승용,영업용
서울,광진구,승용,계
서울,광진구,승합,관용
서울,광진구,승합,자가용
서울,광진구,승합,영업용
서울,광진구,승합,계
서울,광진구,화물,관용
서울,광진구,화물,자가용
서울,광진구,화물,영업용
서울,광진구,화물,계
서울,광진구,특수,관용
서울,광진구,특수,자가용
서울,광진구,특수,영업용
서울,광진구,특수,계
서울,광진구,총계,관용
서울,광진구,총계,자가용
서울,광진구,총계,영업용
서울,광진구,총계,계
서울,구로구,승용,관용
서울,구로구,승용,자가용
서울,구로구,승용,영업용
서울,구로구,승용,계
서울,구로구,승합,관용
서울,구로구,승합,자가용
서울,구로구,승합,영업용
서울,구로구,승합,계
서울,구로구,화물,관용
서울,구로구,화물,자가용
서울,구로구,화물,영업용
서울,구로구,화물,계
서울,구로구,특수,관용
서울,구로구,특수,자가용
서울,구로구,특수,영업용
서울,구로구,특수,계
서울,구로구,총계,관용
서울,구로구,총계,자가용
서울,구로구,총계,영업용
서울,구로구,총계,계
서울,금천구,승용,관용
서울,금천구,승용,자가용
서울,금천구,승용,영업용
서울,금천구,승용,계
서울,금천구,승합,관용
서울,금천구,승합,자가용
서울,금천구,승합,영업용
서울,금천구,승합,계
서울,금천구,화물,관용
서울,금천구,화물,자가용
서울,금천구,화물,영업용
서울,금천구,화물,계
서울,금천구,특수,관용
서울,금천구,특수,자가용
서울,금천구,특수,영업용
서울,금천구,특수,계
서울,금천구,총계,관용
서울,금천구,총계,자가용
서울,금천구,총계,영업용
서울,금천구,총계,계
서울,노원구,승용,관용
서울,노원구,승용,자가용
서울,노원구,승용,영업용
서울,노원구,승용,계
서울,노원구,승합,관용
서울,노원구,승합,자가용
서울,노원구,승합,영업용
서울,노원구,승합,계
서울,노원구,화물,관용
서울,노원구,화물,자가용
서울,노원구,화물,영업용
서울,노원구,화물,계
서울,노원구,특수,관용
서울,노원구,특수,자가용
서울,노원구,특수,영업용
서울,노원구,특수,계
서울,노원구,총계,관용
서울,노원구,총계,자가용
서울,노원구,총계,영업용
서울,노원구,총계,계
서울,도봉구,승용,관용
서울,도봉구,승용,자가용
서울,도봉구,승용,영업용
서울,도봉구,승용,계
서울,도봉구,승합,관용
서울,도봉구,승합,자가용
서울,도봉구,승합,영업용
서울,도봉구,승합,계
서울,도봉구,화물,관용
서울,도봉구,화물,자가용
서울,도봉구,화물,영업용
서울,도봉구,화물,계
서울,도봉구,특수,관용
서울,도봉구,특수,자가용
서울,도봉구,특수,영업용
서울,도봉구,특수,계
서울,도봉구,총계,관용
서울,도봉구,총계,자가용
서울,도봉구,총계,영업용
서울,도봉구,총계,계
서울,동대문구,승용,관용
서울,동대문구,승용,자가용
서울,동대문구,승용,영업용
서울,동대문구,승용,계
서울,동대문구,승합,관용
서울,동대문구,승합,자가용
서울,동대문구,승합,영업용
서울,동대문구,승합,계
서울,동대문구,화물,관용
서울,동대문구,화물,자가용
서울,동대문구,화물,영업용
서울,동대문구,화물,계
서울,동대문구,특수,관용
서울,동대문구,특수,자가용
서울,동대문구,특수,영업용
서울,동대문구,특수,계
서울,동대문구,총계,관용
서울,동대문구,총계,자가용
서울,동대문구,총계,영업용
서울,동대문구,총계,계
서울,동작구,승용,관용
서울,동작구,승용,자가용
서울,동작구,승용,영업용
서울,동작구,승용,계
서울,동작구,승합,관용
서울,동작구,승합,자가용
서울,동작구,승합,영업용
서울,동작구,승합,계
서울,동작구,화물,관용
서울,동작구,화물,자가용
서울,동작구,화물,영업용
서울,동작구,화물,계
서울,동작구,특수,관용
서울,동작구,특수,자가용
서울,동작구,특수,영업용
서울,동작구,특수,계
서울,동작구,총계,관용
서울,동작구,총계,자가용
서울,동작구,총계,영업용
서울,동작구,총계,계
서울,마포구,승용,관용
서울,마포구,승용,자가용
서울,마포구,승용,영업용
서울,마포구,승용,계
서울,마포구,승합,관용
서울,마포구,승합,자가용
서울,마포구,승합,영업용
서울,마포구,승합,계
서울,마포구,화물,관용
서울,마포구,화물,자가용
서울,마포구,화물,영업용
서울,마포구,화물,계
서울,마포구,특수,관용
서울,마포구,특수,자가용
서울,마포구,특수,영업용
서울,마포구,특수,계
서울,마포구,총계,관용
서울,마포구,총계,자가용
서울,마포구,총계,영업용
서울,마포구,총계,계
서울,서대문구,승용,관용
서울,서대문구,승용,자가용
서울,서대문구,승용,영업용
서울,서대문구,승용,계
서울,서대문구,승합,관용
서울,서대문구,승합,자가용
서울,서대문구,승합,영업용
서울,서대문구,승합,계
서울,서대문구,화물,관용
서울,서대문구,화물,자가용
서울,서대문구,화물,영업용
서울,서대문구,화물,계
서울,서대문구,특수,관용
서울,서대문구,특수,자가용
서울,서대문구,특수,영업용
서울,서대문구,특수,계
서울,서대문구,총계,관용
서울,서대문구,총계,자가용
서울,서대문구,총계,영업용
서울,서대문구,총계,계
서울,서초구,승용,관용
서울,서초구,승용,자가용
서울,서초구,승용,영업용
서울,서초구,승용,계
서울,서초구,승합,관용
서울,서초구,승합,자가용
서울,서초구,승합,영업용
서울,서초구,승합,계
서울,서초구,화물,관용
서울,서초구,화물,자가용
서울,서초구,화물,영업용
서울,서초구,화물,계
서울,서초구,특수,관용
서울,서초구,특수,자가용
서울,서초구,특수,영업용
서울,서초구,특수,계
서울,서초구,총계,관용
서울,서초구,총계,자가용
서울,서초구,총계,영업용
서울,서초구,총계,계
서울,성동구,승용,관용
서울,성동구,승용,자가용
서울,성동구,승용,영업용
서울,성동구,승용,계
서울,성동구,승합,관용
서울,성동구,승합,자가용
서울,성동구,승합,영업용
서울,성동구,승합,계
서울,성동구,화물,관용
서울,성동구,화물,자가용
서울,성동구,화물,영업용
서울,성동구,화물,계
서울,성동구,특수,관용
서울,성동구,특수,자가용
서울,성동구,특수,영업용
서울,성동구,특수,계
서울,성동구,총계,관용
서울,성동구,총계,자가용
서울,성동구,총계,영업용
서울,성동구,총계,계
서울,성북구,승용,관용
서울,성북구,승용,자가용
서울,성북구,승용,영업용
서울,성북구,승용,계
서울,성북구,승합,관용
서울,성북구,승합,자가용
서울,성북구,승합,영업용
서울,성북구,승합,계
서울,성북구,화물,관용
서울,성북구,화물,자가용
서울,성북구,화물,영업용
서울,성북구,화물,계
서울,성북구,특수,관용
서울,성북구,특수,자가용
서울,성북구,특수,영업용
서울,성북구,특수,계
서울,성북구,총계,관용
서울,성북구,총계,자가용
서울,성북구,총계,영업용
서울,성북구,총계,계
서울,송파구,승용,관용
서울,송파구,승용,자가용
서울,송파구,승용,영업용
서울,송파구,승용,계
서울,송파구,승합,관용
서울,송파구,승합,자가용
서울,송파구,승합,영업용
서울,송파구,승합,계
서울,송파구,화물,관용
서울,송파구,화물,자가용
서울,송파구,화물,영업용
서울,송파구,화물,계
서울,송파구,특수,관용
서울,송파구,특수,자가용
서울,송파구,특수,영업용
서울,송파구,특수,계
서울,송파구,총계,관용
서울,송파구,총계,자가용
서울,송파구,총계,영업용
서울,송파구,총계,계
서울,양천구,승용,관용
서울,양천구,승용,자가용
서울,양천구,승용,영업용
서울,양천구,승용,계
서울,양천구,승합,관용
서울,양천구,승합,자가용
서울,양천구,승합,영업용
서울,양천구,승합,계
서울,양천구,화물,관용
서울,양천구,화물,자가용
서울,양천구,화물,영업용
서울,양천구,화물,계
서울,양천구,특수,관용
서울,양천구,특수,자가용
서울,양천구,특수,영업용
서울,양천구,특수,계
서울,양천구,총계,관용
서울,양천구,총계,자가용
서울,양천구,총계,영업용
서울,양천구,총계,계
서울,영등포구,승용,관용
서울,영등포구,승용,자가용
서울,영등포구,승용,영업용
서울,영등포구,승용,계
서울,영등포구,승합,관용
서울,영등포구,승합,자가용
서울,영등포구,승합,영업용
서울,영등포구,승합,계
서울,영등포구,화물,관용
서울,영등포구,화물,자가용
서울,영등포구,화물,영업용
서울,영등포구,화물,계
서울,영등포구,특수,관용
서울,영등포구,특수,자가용
서울,영등포구,특수,영업용
서울,영등포구,특수,계
서울,영등포구,총계,관용
서울,영등포구,총계,자가용
서울,영등포구,총계,영업용
서울,영등포구,총계,계
서울,용산구,승용,관용
서울,용산구,승용,자가용
서울,용산구,승용,영업용
서울,용산구,승용,계
서울,용산구,승합,관용
서울,용산구,승합,자가용
서울,용산구,승합,영업용
서울,용산구,승합,계
서울,용산구,화물,관용
서울,용산구,화물,자가용
서울,용산구,화물,영업용
서울,용산구,화물,계
서울,용산구,특수,관용
서울,용산구,특수,자가용
서울,용산구,특수,영업용
서울,용산구,특수,계
서울,용산구,총계,관용
서울,용산구,총계,자가용
서울,용산구,총계,영업용
서울,용산구,총계,계
서울,은평구,승용,관용
서울,은평구,승용,자가용
서울,은평구,승용,영업용
서울,은평구,승용,계
서울,은평구,승합,관용
서울,은평구,승합,자가용
서울,은평구,승합,영업용
서울,은평구,승합,계
서울,은평구,화물,관용
서울,은평구,화물,자가용
서울,은평구,화물,영업용
서울,은평구,화물,계
서울,은평구,특수,관용
서울,은평구,특수,자가용
서울,은평구,특수,영업용
서울,은평구,특수,계
서울,은평구,총계,관용
서울,은평구,총계,자가용
서울,은평구,총계,영업용
서울,은평구,총계,계
서울,종로구,승용,관용
서울,종로구,승용,자가용
서울,종로구,승용,영업용
서울,종로구,승용,계
서울,종로구,승합,관용
서울,종로구,승합,자가용
서울,종로구,승합,영업용
서울,종로구,승합,계
서울,종로구,화물,관용
서울,종로구,화물,자가용
서울,종로구,화물,영업용
서울,종로구,화물,계
서울,종로구,특수,관용
서울,종로구,특수,자가용
서울,종로구,특수,영업용
서울,종로구,특수,계
서울,종로구,총계,관용
서울,종로구,총계,자가용
서울,종로구,총계,영업용
서울,종로구,총계,계
서울,중구,승용,관용
서울,중구,승용,자가용
서울,중구,승용,영업용
서울,중구,승용,계
서울,중구,승합,관용
서울,중구,승합,자가용
서울,중구,승합,영업용
서울,중구,승합,계
서울,중구,화물,관용
서울,중구,화물,자가용
서울,중구,화물,영업용
서울,중구,화물,계
서울,중구,특수,관용
서울,중구,특수,자가용
서울,중구,특수,영업용
서울,중구,특수,계
서울,중구,총계,관용
서울,중구,총계,자가용
서울,중구,총계,영업용
서울,중구,총계,계
서울,중랑구,승용,관용
서울,중랑구,승용,자가용
서울,중랑구,승용,영업용
서울,중랑구,승용,계
서울,중랑구,승합,관용
서울,중랑구,승합,자가용
서울,중랑구,승합,영업용
서울,중랑구,승합,계
서울,중랑구,화물,관용
서울,중랑구,화물,자가용
서울,중랑구,화물,영업용
서울,중랑구,화물,계
서울,중랑구,특수,관용
서울,중랑구,특수,자가용
서울,중랑구,특수,영업용
서울,중랑구,특수,계
서울,중랑구,총계,관용
서울,중랑구,총계,자가용
서울,중랑구,총계,영업용
서울,중랑구,총계,계
서울,계,승용,관용
서울,계,승용,자가용
서울,계,승용,영업용
서울,계,승용,계
서울,계,승합,관용
서울,계,승합,자가용
서울,계,승합,영업용
서울,계,승합,계
서울,계,화물,관용
서울,계,화물,자가용
서울,계,화물,영업용
서울,계,화물,계
서울,계,특수,관용
서울,계,특수,자가용
서울,계,특수,영업용
서울,계,특수,계
서울,계,총계,관용
서울,계,총계,자가용
서울,계,총계,영업용
서울,계,총계,계
부산,강서구,승용,관용
부산,강서구,승용,자가용
부산,강서구,승용,영업용
부산,강서구,승용,계
부산,강서구,승합,관용
부산,강서구,승합,자가용
부산,강서구,승합,영업용
부산,강서구,승합,계
부산,강서구,화물,관용
부산,강서구,화물,자가용
부산,강서구,화물,영업용
부산,강서구,화물,계
부산,강서구,특수,관용
부산,강서구,특수,자가용
부산,강서구,특수,영업용
부산,강서구,특수,계
부산,강서구,총계,관용
부산,강서구,총계,자가용
부산,강서구,총계,영업용
부산,강서구,총계,계
부산,금정구,승용,관용
부산,금정구,승용,자가용
부산,금정구,승용,영업용
부산,금정구,승용,계
부산,금정구,승합,관용
부산,금정구,승합,자가용
부산,금정구,승합,영업용
부산,금정구,승합,계
부산,금정구,화물,관용
부산,금정구,화물,자가용
부산,금정구,화물,영업용
부산,금정구,화물,계
부산,금정구,특수,관용
부산,금정구,특수,자가용
부산,금정구,특수,영업용
부산,금정구,특수,계
부산,금정구,총계,관용
부산,금정구,총계,자가용
부산,금정구,총계,영업용
부산,금정구,총계,계
부산,기장군,승용,관용
부산,기장군,승용,자가용
부산,기장군,승용,영업용
부산,기장군,승용,계
부산,기장군,승합,관용
부산,기장군,승합,자가용
부산,기장군,승합,영업용
부산,기장군,승합,계
부산,기장군,화물,관용
부산,기장군,화물,자가용
부산,기장군,화물,영업용
부산,기장군,화물,계
부산,기장군,특수,관용
부산,기장군,특수,자가용
부산,기장군,특수,영업용
부산,기장군,특수,계
부산,기장군,총계,관용
부산,기장군,총계,자가용
부산,기장군,총계,영업용
부산,기장군,총계,계
부산,남구,승용,관용
부산,남구,승용,자가용
부산,남구,승용,영업용
부산,남구,승용,계
부산,남구,승합,관용
부산,남구,승합,자가용
부산,남구,승합,영업용
부산,남구,승합,계
부산,남구,화물,관용
부산,남구,화물,자가용
부산,남구,화물,영업용
부산,남구,화물,계
부산,남구,특수,관용
부산,남구,특수,자가용
부산,남구,특수,영업용
부산,남구,특수,계
부산,남구,총계,관용
부산,남구,총계,자가용
부산,남구,총계,영업용
부산,남구,총계,계
부산,동구,승용,관용
부산,동구,승용,자가용
부산,동구,승용,영업용
부산,동구,승용,계
부산,동구,승합,관용
부산,동구,승합,자가용
부산,동구,승합,영업용
부산,동구,승합,계
부산,동구,화물,관용
부산,동구,화물,자가용
부산,동구,화물,영업용
부산,동구,화물,계
부산,동구,특수,관용
부산,동구,특수,자가용
부산,동구,특수,영업용
부산,동구,특수,계
부산,동구,총계,관용
부산,동구,총계,자가용
부산,동구,총계,영업용
부산,동구,총계,계
부산,동래구,승용,관용
부산,동래구,승용,자가용
부산,동래구,승용,영업용
부산,동래구,승용,계
부산,동래구,승합,관용
부산,동래구,승합,자가용
부산,동래구,승합,영업용
부산,동래구,승합,계
부산,동래구,화물,관용
부산,동래구,화물,자가용
부산,동래구,화물,영업용
부산,동래구,화물,계
부산,동래구,특수,관용
부산,동래구,특수,자가용
부산,동래구,특수,영업용
부산,동래구,특수,계
부산,동래구,총계,관용
부산,동래구,총계,자가용
부산,동래구,총계,영업용
부산,동래구,총계,계
부산,부산진구,승용,관용
부산,부산진구,승용,자가용
부산,부산진구,승용,영업용
부산,부산진구,승용,계
부산,부산진구,승합,관용
부산,부산진구,승합,자가용
부산,부산진구,승합,영업용
부산,부산진구,승합,계
부산,부산진구,화물,관용
부산,부산진구,화물,자가용
부산,부산진구,화물,영업용
부산,부산진구,화물,계
부산,부산진구,특수,관용
부산,부산진구,특수,자가용
부산,부산진구,특수,영업용
부산,부산진구,특수,계
부산,부산진구,총계,관용
부산,부산진구,총계,자가용
부산,부산진구,총계,영업용
부산,부산진구,총계,계
부산,북구,승용,관용
부산,북구,승용,자가용
부산,북구,승용,영업용
부산,북구,승용,계
부산,북구,승합,관용
부산,북구,승합,자가용
부산,북구,승합,영업용
부산,북구,승합,계
부산,북구,화물,관용
부산,북구,화물,자가용
부산,북구,화물,영업용
부산,북구,화물,계
부산,북구,특수,관용
부산,북구,특수,자가용
부산,북구,특수,영업용
부산,북구,특수,계
부산,북구,총계,관용
부산,북구,총계,자가용
부산,북구,총계,영업용
부산,북구,총계,계
부산,사상구,승용,관용
부산,사상구,승용,자가용
부산,사상구,승용,영업용
부산,사상구,승용,계
부산,사상구,승합,관용
부산,사상구,승합,자가용
부산,사상구,승합,영업용
부산,사상구,승합,계
부산,사상구,화물,관용
부산,사상구,화물,자가용
부산,사상구,화물,영업용
부산,사상구,화물,계
부산,사상구,특수,관용
부산,사상구,특수,자가용
부산,사상구,특수,영업용
부산,사상구,특수,계
부산,사상구,총계,관용
부산,사상구,총계,자가용
부산,사상구,총계,영업용
부산,사상구,총계,계
부산,사하구,승용,관용
부산,사하구,승용,자가용
부산,사하구,승용,영업용
부산,사하구,승용,계
부산,사하구,승합,관용
부산,사하구,승합,자가용
부산,사하구,승합,영업용
부산,사하구,승합,계
부산,사하구,화물,관용
부산,사하구,화물,자가용
부산,사하구,화물,영업용
부산,사하구,화물,계
부산,사하구,특수,관용
부산,사하구,특수,자가용
부산,사하구,특수,영업용
부산,사하구,특수,계
부산,사하구,총계,관용
부산,사하구,총계,자가용
부산,사하구,총계,영업용
부산,사하구,총계,계
부산,서구,승용,관용
부산,서구,승용,자가용
부산,서구,승용,영업용
부산,서구,승용,계
부산,서구,승합,관용
부산,서구,승합,자가용
부산,서구,승합,영업용
부산,서구,승합,계
부산,서구,화물,관용
부산,서구,화물,자가용
부산,서구,화물,영업용
부산,서구,화물,계
부산,서구,특수,관용
부산,서구,특수,자가용
부산,서구,특수,영업용
부산,서구,특수,계
부산,서구,총계,관용
부산,서구,총계,자가용
부산,서구,총계,영업용
부산,서구,총계,계
부산,수영구,승용,관용
부산,수영구,승용,자가용
부산,수영구,승용,영업용
부산,수영구,승용,계
부산,수영구,승합,관용
부산,수영구,승합,자가용
부산,수영구,승합,영업용
부산,수영구,승합,계
부산,수영구,화물,관용
부산,수영구,화물,자가용
부산,수영구,화물,영업용
부산,수영구,화물,계
부산,수영구,특수,관용
부산,수영구,특수,자가용
부산,수영구,특수,영업용
부산,수영구,특수,계
부산,수영구,총계,관용
부산,수영구,총계,자가용
부산,수영구,총계,영업용
부산,수영구,총계,계
부산,연제구,승용,관용
부산,연제구,승용,자가용
부산,연제구,승용,영업용
부산,연제구,승용,계
부산,연제구,승합,관용
부산,연제구,승합,자가용
부산,연제구,승합,영업용
부산,연제구,승합,계
부산,연제구,화물,관용
부산,연제구,화물,자가용
부산,연제구,화물,영업용
부산,연제구,화물,계
부산,연제구,특수,관용
부산,연제구,특수,자가용
부산,연제구,특수,영업용
부산,연제구,특수,계
부산,연제구,총계,관용
부산,연제구,총계,자가용
부산,연제구,총계,영업용
부산,연제구,총계,계
부산,영도구,승용,관용
부산,영도구,승용,자가용
부산,영도구,승용,영업용
부산,영도구,승용,계
부산,영도구,승합,관용
부산,영도구,승합,자가용
부산,영도구,승합,영업용
부산,영도구,승합,계
부산,영도구,화물,관용
부산,영도구,화물,자가용
부산,영도구,화물,영업용
부산,영도구,화물,계
부산,영도구,특수,관용
부산,영도구,특수,자가용
부산,영도구,특수,영업용
부산,영도구,특수,계
부산,영도구,총계,관용
부산,영도구,총계,자가용
부산,영도구,총계,영업용
부산,영도구,총계,계
부산,중구,승용,관용
부산,중구,승용,자가용
부산,중구,승용,영업용
부산,중구,승용,계
부산,중구,승합,관용
부산,중구,승합,자가용
부산,중구,승합,영업용
부산,중구,승합,계
부산,중구,화물,관용
부산,중구,화물,자가용
부산,중구,화물,영업용
부산,중구,화물,계
부산,중구,특수,관용
부산,중구,특수,자가용
부산,중구,특수,영업용
부산,중구,특수,계
부산,중구,총계,관용
부산,중구,총계,자가용
부산,중구,총계,영업용
부산,중구,총계,계
부산,해운대구,승용,관용
부산,해운대구,승용,자가용
부산,해운대구,승용,영업용
부산,해운대구,승용,계
부산,해운대구,승합,관용
부산,해운대구,승합,자가용
부산,해운대구,승합,영업용
부산,해운대구,승합,계
부산,해운대구,화물,관용
부산,해운대구,화물,자가용
부산,해운대구,화물,영업용
부산,해운대구,화물,계
부산,해운대구,특수,관용
부산,해운대구,특수,자가용
부산,해운대구,특수,영업용
부산,해운대구,특수,계
부산,해운대구,총계,관용
부산,해운대구,총계,자가용
부산,해운대구,총계,영업용
부산,해운대구,총계,계
부산,계,승용,관용
부산,계,승용,자가용
부산,계,승용,영업용
부산,계,승용,계
부산,계,승합,관용
부산,계,승합,자가용
부산,계,승합,영업용
부산,계,승합,계
부산,계,화물,관용
부산,계,화물,자가용
부산,계,화물,영업용
부산,계,화물,계
부산,계,특수,관용
부산,계,특수,자가용
부산,계,특수,영업용
부산,계,특수,계
부산,계,총계,관용
부산,계,총계,자가용
부산,계,총계,영업용
부산,계,총계,계
대구,군위군,승용,관용
대구,군위군,승용,자가용
대구,군위군,승용,영업용
대구,군위군,승용,계
대구,군위군,승합,관용
대구,군위군,승합,자가용
대구,군위군,승합,영업용
대구,군위군,승합,계
대구,군위군,화물,관용
대구,군위군,화물,자가용
대구,군위군,화물,영업용
대구,군위군,화물,계
대구,군위군,특수,관용
대구,군위군,특수,자가용
대구,군위군,특수,영업용
대구,군위군,특수,계
대구,군위군,총계,관용
대구,군위군,총계,자가용
대구,군위군,총계,영업용
대구,군위군,총계,계
대구,남구,승용,관용
대구,남구,승용,자가용
대구,남구,승용,영업용
대구,남구,승용,계
대구,남구,승합,관용
대구,남구,승합,자가용
대구,남구,승합,영업용
대구,남구,승합,계
대구,남구,화물,관용
대구,남구,화물,자가용
대구,남구,화물,영업용
대구,남구,화물,계
대구,남구,특수,관용
대구,남구,특수,자가용
대구,남구,특수,영업용
대구,남구,특수,계
대구,남구,총계,관용
대구,남구,총계,자가용
대구,남구,총계,영업용
대구,남구,총계,계
대구,달서구,승용,관용
대구,달서구,승용,자가용
대구,달서구,승용,영업용
대구,달서구,승용,계
대구,달서구,승합,관용
대구,달서구,승합,자가용
대구,달서구,승합,영업용
대구,달서구,승합,계
대구,달서구,화물,관용
대구,달서구,화물,자가용
대구,달서구,화물,영업용
대구,달서구,화물,계
대구,달서구,특수,관용
대구,달서구,특수,자가용
대구,달서구,특수,영업용
대구,달서구,특수,계
대구,달서구,총계,관용
대구,달서구,총계,자가용
대구,달서구,총계,영업용
대구,달서구,총계,계
대구,달성군,승용,관용
대구,달성군,승용,자가용
대구,달성군,승용,영업용
대구,달성군,승용,계
대구,달성군,승합,관용
대구,달성군,승합,자가용
대구,달성군,승합,영업용
대구,달성군,승합,계
대구,달성군,화물,관용
대구,달성군,화물,자가용
대구,달성군,화물,영업용
대구,달성군,화물,계
대구,달성군,특수,관용
대구,달성군,특수,자가용
대구,달성군,특수,영업용
대구,달성군,특수,계
대구,달성군,총계,관용
대구,달성군,총계,자가용
대구,달성군,총계,영업용
대구,달성군,총계,계
대구,동구,승용,관용
대구,동구,승용,자가용
대구,동구,승용,영업용
대구,동구,승용,계
대구,동구,승합,관용
대구,동구,승합,자가용
대구,동구,승합,영업용
대구,동구,승합,계
대구,동구,화물,관용
대구,동구,화물,자가용
대구,동구,화물,영업용
대구,동구,화물,계
대구,동구,특수,관용
대구,동구,특수,자가용
대구,동구,특수,영업용
대구,동구,특수,계
대구,동구,총계,관용
대구,동구,총계,자가용
대구,동구,총계,영업용
대구,동구,총계,계
대구,북구,승용,관용
대구,북구,승용,자가용
대구,북구,승용,영업용
대구,북구,승용,계
대구,북구,승합,관용
대구,북구,승합,자가용
대구,북구,승합,영업용
대구,북구,승합,계
대구,북구,화물,관용
대구,북구,화물,자가용
대구,북구,화물,영업용
대구,북구,화물,계
대구,북구,특수,관용
대구,북구,특수,자가용
대구,북구,특수,영업용
대구,북구,특수,계
대구,북구,총계,관용
대구,북구,총계,자가용
대구,북구,총계,영업용
대구,북구,총계,계
대구,서구,승용,관용
대구,서구,승용,자가용
대구,서구,승용,영업용
대구,서구,승용,계
대구,서구,승합,관용
대구,서구,승합,자가용
대구,서구,승합,영업용
대구,서구,승합,계
대구,서구,화물,관용
대구,서구,화물,자가용
대구,서구,화물,영업용
대구,서구,화물,계
대구,서구,특수,관용
대구,서구,특수,자가용
대구,서구,특수,영업용
대구,서구,특수,계
대구,서구,총계,관용
대구,서구,총계,자가용
대구,서구,총계,영업용
대구,서구,총계,계
대구,수성구,승용,관용
대구,수성구,승용,자가용
대구,수성구,승용,영업용
대구,수성구,승용,계
대구,수성구,승합,관용
대구,수성구,승합,자가용
대구,수성구,승합,영업용
대구,수성구,승합,계
대구,수성구,화물,관용
대구,수성구,화물,자가용
대구,수성구,화물,영업용
대구,수성구,화물,계
대구,수성구,특수,관용
대구,수성구,특수,자가용
대구,수성구,특수,영업용
대구,수성구,특수,계
대구,수성구,총계,관용
대구,수성구,총계,자가용
대구,수성구,총계,영업용
대구,수성구,총계,계
대구,중구,승용,관용
대구,중구,승용,자가용
대구,중구,승용,영업용
대구,중구,승용,계
대구,중구,승합,관용
대구,중구,승합,자가용
대구,중구,승합,영업용
대구,중구,승합,계
대구,중구,화물,관용
대구,중구,화물,자가용
대구,중구,화물,영업용
대구,중구,화물,계
대구,중구,특수,관용
대구,중구,특수,자가용
대구,중구,특수,영업용
대구,중구,특수,계
대구,중구,총계,관용
대구,중구,총계,자가용
대구,중구,총계,영업용
대구,중구,총계,계
대구,계,승용,관용
대구,계,승용,자가용
대구,계,승용,영업용
대구,계,승용,계
대구,계,승합,관용
대구,계,승합,자가용
대구,계,승합,영업용
대구,계,승합,계
대구,계,화물,관용
대구,계,화물,자가용
대구,계,화물,영업용
대구,계,화물,계
대구,계,특수,관용
대구,계,특수,자가용
대구,계,특수,영업용
대구,계,특수,계
대구,계,총계,관용
대구,계,총계,자가용
대구,계,총계,영업용
대구,계,총계,계
인천,강화군,승용,관용
인천,강화군,승용,자가용
인천,강화군,승용,영업용
인천,강화군,승용,계
인천,강화군,승합,관용
인천,강화군,승합,자가용
인천,강화군,승합,영업용
인천,강화군,승합,계
인천,강화군,화물,관용
인천,강화군,화물,자가용
인천,강화군,화물,영업용
인천,강화군,화물,계
인천,강화군,특수,관용
인천,강화군,특수,자가용
인천,강화군,특수,영업용
인천,강화군,특수,계
인천,강화군,총계,관용
인천,강화군,총계,자가용
인천,강화군,총계,영업용
인천,강화군,총계,계
인천,계양구,승용,관용
인천,계양구,승용,자가용
인천,계양구,승용,영업용
인천,계양구,승용,계
인천,계양구,승합,관용
인천,계양구,승합,자가용
인천,계양구,승합,영업용
인천,계양구,승합,계
인천,계양구,화물,관용
인천,계양구,화물,자가용
인천,계양구,화물,영업용
인천,계양구,화물,계
인천,계양구,특수,관용
인천,계양구,특수,자가용
인천,계양구,특수,영업용
인천,계양구,특수,계
인천,계양구,총계,관용
인천,계양구,총계,자가용
인천,계양구,총계,영업용
인천,계양구,총계,계
인천,남동구,승용,관용
인천,남동구,승용,자가용
인천,남동구,승용,영업용
인천,남동구,승용,계
인천,남동구,승합,관용
인천,남동구,승합,자가용
인천,남동구,승합,영업용
인천,남동구,승합,계
인천,남동구,화물,관용
인천,남동구,화물,자가용
인천,남동구,화물,영업용
인천,남동구,화물,계
인천,남동구,특수,관용
인천,남동구,특수,자가용
인천,남동구,특수,영업용
인천,남동구,특수,계
인천,남동구,총계,관용
인천,남동구,총계,자가용
인천,남동구,총계,영업용
인천,남동구,총계,계
인천,동구,승용,관용
인천,동구,승용,자가용
인천,동구,승용,영업용
인천,동구,승용,계
인천,동구,승합,관용
인천,동구,승합,자가용
인천,동구,승합,영업용
인천,동구,승합,계
인천,동구,화물,관용
인천,동구,화물,자가용
인천,동구,화물,영업용
인천,동구,화물,계
인천,동구,특수,관용
인천,동구,특수,자가용
인천,동구,특수,영업용
인천,동구,특수,계
인천,동구,총계,관용
인천,동구,총계,자가용
인천,동구,총계,영업용
인천,동구,총계,계
인천,미추홀구,승용,관용
인천,미추홀구,승용,자가용
인천,미추홀구,승용,영업용
인천,미추홀구,승용,계
인천,미추홀구,승합,관용
인천,미추홀구,승합,자가용
인천,미추홀구,승합,영업용
인천,미추홀구,승합,계
인천,미추홀구,화물,관용
인천,미추홀구,화물,자가용
인천,미추홀구,화물,영업용
인천,미추홀구,화물,계
인천,미추홀구,특수,관용
인천,미추홀구,특수,자가용
인천,미추홀구,특수,영업용
인천,미추홀구,특수,계
인천,미추홀구,총계,관용
인천,미추홀구,총계,자가용
인천,미추홀구,총계,영업용
인천,미추홀구,총계,계
인천,부평구,승용,관용
인천,부평구,승용,자가용
인천,부평구,승용,영업용
인천,부평구,승용,계
인천,부평구,승합,관용
인천,부평구,승합,자가용
인천,부평구,승합,영업용
인천,부평구,승합,계
인천,부평구,화물,관용
인천,부평구,화물,자가용
인천,부평구,화물,영업용
인천,부평구,화물,계
인천,부평구,특수,관용
인천,부평구,특수,자가용
인천,부평구,특수,영업용
인천,부평구,특수,계
인천,부평구,총계,관용
인천,부평구,총계,자가용
인천,부평구,총계,영업용
인천,부평구,총계,계
인천,서구,승용,관용
인천,서구,승용,자가용
인천,서구,승용,영업용
인천,서구,승용,계
인천,서구,승합,관용
인천,서구,승합,자가용
인천,서구,승합,영업용
인천,서구,승합,계
인천,서구,화물,관용
인천,서구,화물,자가용
인천,서구,화물,영업용
인천,서구,화물,계
인천,서구,특수,관용
인천,서구,특수,자가용
인천,서구,특수,영업용
인천,서구,특수,계
인천,서구,총계,관용
인천,서구,총계,자가용
인천,서구,총계,영업용
인천,서구,총계,계
인천,연수구,승용,관용
인천,연수구,승용,자가용
인천,연수구,승용,영업용
인천,연수구,승용,계
인천,연수구,승합,관용
인천,연수구,승합,자가용
인천,연수구,승합,영업용
인천,연수구,승합,계
인천,연수구,화물,관용
인천,연수구,화물,자가용
인천,연수구,화물,영업용
인천,연수구,화물,계
인천,연수구,특수,관용
인천,연수구,특수,자가용
인천,연수구,특수,영업용
인천,연수구,특수,계
인천,연수구,총계,관용
인천,연수구,총계,자가용
인천,연수구,총계,영업용
인천,연수구,총계,계
인천,옹진군,승용,관용
인천,옹진군,승용,자가용
인천,옹진군,승용,영업용
인천,옹진군,승용,계
인천,옹진군,승합,관용
인천,옹진군,승합,자가용
인천,옹진군,승합,영업용
인천,옹진군,승합,계
인천,옹진군,화물,관용
인천,옹진군,화물,자가용
인천,옹진군,화물,영업용
인천,옹진군,화물,계
인천,옹진군,특수,관용
인천,옹진군,특수,자가용
인천,옹진군,특수,영업용
인천,옹진군,특수,계
인천,옹진군,총계,관용
인천,옹진군,총계,자가용
인천,옹진군,총계,영업용
인천,옹진군,총계,계
인천,중구,승용,관용
인천,중구,승용,자가용
인천,중구,승용,영업용
인천,중구,승용,계
인천,중구,승합,관용
인천,중구,승합,자가용
인천,중구,승합,영업용
인천,중구,승합,계
인천,중구,화물,관용
인천,중구,화물,자가용
인천,중구,화물,영업용
인천,중구,화물,계
인천,중구,특수,관용
인천,중구,특수,자가용
인천,중구,특수,영업용
인천,중구,특수,계
인천,중구,총계,관용
인천,중구,총계,자가용
인천,중구,총계,영업용
인천,중구,총계,계
인천,계,승용,관용
인천,계,승용,자가용
인천,계,승용,영업용
인천,계,승용,계
인천,계,승합,관용
인천,계,승합,자가용
인천,계,승합,영업용
인천,계,승합,계
인천,계,화물,관용
인천,계,화물,자가용
인천,계,화물,영업용
인천,계,화물,계
인천,계,특수,관용
인천,계,특수,자가용
인천,계,특수,영업용
인천,계,특수,계
인천,계,총계,관용
인천,계,총계,자가용
인천,계,총계,영업용
인천,계,총계,계
광주,광산구,승용,관용
광주,광산구,승용,자가용
광주,광산구,승용,영업용
광주,광산구,승용,계
광주,광산구,승합,관용
광주,광산구,승합,자가용
광주,광산구,승합,영업용
광주,광산구,승합,계
광주,광산구,화물,관용
광주,광산구,화물,자가용
광주,광산구,화물,영업용
광주,광산구,화물,계
광주,광산구,특수,관용
광주,광산구,특수,자가용
광주,광산구,특수,영업용
광주,광산구,특수,계
광주,광산구,총계,관용
광주,광산구,총계,자가용
광주,광산구,총계,영업용
광주,광산구,총계,계
광주,남구,승용,관용
광주,남구,승용,자가용
광주,남구,승용,영업용
광주,남구,승용,계
광주,남구,승합,관용
광주,남구,승합,자가용
광주,남구,승합,영업용
광주,남구,승합,계
광주,남구,화물,관용
광주,남구,화물,자가용
광주,남구,화물,영업용
광주,남구,화물,계
광주,남구,특수,관용
광주,남구,특수,자가용
광주,남구,특수,영업용
광주,남구,특수,계
광주,남구,총계,관용
광주,남구,총계,자가용
광주,남구,총계,영업용
광주,남구,총계,계
광주,동구,승용,관용
광주,동구,승용,자가용
광주,동구,승용,영업용
광주,동구,승용,계
광주,동구,승합,관용
광주,동구,승합,자가용
광주,동구,승합,영업용
광주,동구,승합,계
광주,동구,화물,관용
광주,동구,화물,자가용
광주,동구,화물,영업용
광주,동구,화물,계
광주,동구,특수,관용
광주,동구,특수,자가용
광주,동구,특수,영업용
광주,동구,특수,계
광주,동구,총계,관용
광주,동구,총계,자가용
광주,동구,총계,영업용
광주,동구,총계,계
광주,북구,승용,관용
광주,북구,승용,자가용
광주,북구,승용,영업용
광주,북구,승용,계
광주,북구,승합,관용
광주,북구,승합,자가용
광주,북구,승합,영업용
광주,북구,승합,계
광주,북구,화물,관용
광주,북구,화물,자가용
광주,북구,화물,영업용
광주,북구,화물,계
광주,북구,특수,관용
광주,북구,특수,자가용
광주,북구,특수,영업용
광주,북구,특수,계
광주,북구,총계,관용
광주,북구,총계,자가용
광주,북구,총계,영업용
광주,북구,총계,계
광주,서구,승용,관용
광주,서구,승용,자가용
광주,서구,승용,영업용
광주,서구,승용,계
광주,서구,승합,관용
광주,서구,승합,자가용
광주,서구,승합,영업용
광주,서구,승합,계
광주,서구,화물,관용
광주,서구,화물,자가용
광주,서구,화물,영업용
광주,서구,화물,계
광주,서구,특수,관용
광주,서구,특수,자가용
광주,서구,특수,영업용
광주,서구,특수,계
광주,서구,총계,관용
광주,서구,총계,자가용
광주,서구,총계,영업용
광주,서구,총계,계
광주,계,승용,관용
광주,계,승용,자가용
광주,계,승용,영업용
광주,계,승용,계
광주,계,승합,관용
광주,계,승합,자가용
광주,계,승합,영업용
광주,계,승합,계
광주,계,화물,관용
광주,계,화물,자가용
광주,계,화물,영업용
광주,계,화물,계
광주,계,특수,관용
광주,계,특수,자가용
광주,계,특수,영업용
광주,계,특수,계
광주,계,총계,관용
광주,계,총계,자가용
광주,계,총계,영업용
광주,계,총계,계
대전,대덕구,승용,관용
대전,대덕구,승용,자가용
대전,대덕구,승용,영업용
대전,대덕구,승용,계
대전,대덕구,승합,관용
대전,대덕구,승합,자가용
대전,대덕구,승합,영업용
대전,대덕구,승합,계
대전,대덕구,화물,관용
대전,대덕구,화물,자가용
대전,대덕구,화물,영업용
대전,대덕구,화물,계
대전,대덕구,특수,관용
대전,대덕구,특수,자가용
대전,대덕구,특수,영업용
대전,대덕구,특수,계
대전,대덕구,총계,관용
대전,대덕구,총계,자가용
대전,대덕구,총계,영업용
대전,대덕구,총계,계
대전,동구,승용,관용
대전,동구,승용,자가용
대전,동구,승용,영업용
대전,동구,승용,계
대전,동구,승합,관용
대전,동구,승합,자가용
대전,동구,승합,영업용
대전,동구,승합,계
대전,동구,화물,관용
대전,동구,화물,자가용
대전,동구,화물,영업용
대전,동구,화물,계
대전,동구,특수,관용
대전,동구,특수,자가용
대전,동구,특수,영업용
대전,동구,특수,계
대전,동구,총계,관용
대전,동구,총계,자가용
대전,동구,총계,영업용
대전,동구,총계,계
대전,서구,승용,관용
대전,서구,승용,자가용
대전,서구,승용,영업용
대전,서구,승용,계
대전,서구,승합,관용
대전,서구,승합,자가용
대전,서구,승합,영업용
대전,서구,승합,계
대전,서구,화물,관용
대전,서구,화물,자가용
대전,서구,화물,영업용
대전,서구,화물,계
대전,서구,특수,관용
대전,서구,특수,자가용
대전,서구,특수,영업용
대전,서구,특수,계
대전,서구,총계,관용
대전,서구,총계,자가용
대전,서구,총계,영업용
대전,서구,총계,계
대전,유성구,승용,관용
대전,유성구,승용,자가용
대전,유성구,승용,영업용
대전,유성구,승용,계
대전,유성구,승합,관용
대전,유성구,승합,자가용
대전,유성구,승합,영업용
대전,유성구,승합,계
대전,유성구,화물,관용
대전,유성구,화물,자가용
대전,유성구,화물,영업용
대전,유성구,화물,계
대전,유성구,특수,관용
대전,유성구,특수,자가용
대전,유성구,특수,영업용
대전,유성구,특수,계
대전,유성구,총계,관용
대전,유성구,총계,자가용
대전,유성구,총계,영업용
대전,유성구,총계,계
대전,중구,승용,관용
대전,중구,승용,자가용
대전,중구,승용,영업용
대전,중구,승용,계
대전,중구,승합,관용
대전,중구,승합,자가용
대전,중구,승합,영업용
대전,중구,승합,계
대전,중구,화물,관용
대전,중구,화물,자가용
대전,중구,화물,영업용
대전,중구,화물,계
대전,중구,특수,관용
대전,중구,특수,자가용
대전,중구,특수,영업용
대전,중구,특수,계
대전,중구,총계,관용
대전,중구,총계,자가용
대전,중구,총계,영업용
대전,중구,총계,계
대전,계,승용,관용
대전,계,승용,자가용
대전,계,승용,영업용
대전,계,승용,계
대전,계,승합,관용
대전,계,승합,자가용
대전,계,승합,영업용
대전,계,승합,계
대전,계,화물,관용
대전,계,화물,자가용
대전,계,화물,영업용
대전,계,화물,계
대전,계,특수,관용
대전,계,특수,자가용
대전,계,특수,영업용
대전,계,특수,계
대전,계,총계,관용
대전,계,총계,자가용
대전,계,총계,영업용
대전,계,총계,계
울산,남구,승용,관용
울산,남구,승용,자가용
울산,남구,승용,영업용
울산,남구,승용,계
울산,남구,승합,관용
울산,남구,승합,자가용
울산,남구,승합,영업용
울산,남구,승합,계
울산,남구,화물,관용
울산,남구,화물,자가용
울산,남구,화물,영업용
울산,남구,화물,계
울산,남구,특수,관용
울산,남구,특수,자가용
울산,남구,특수,영업용
울산,남구,특수,계
울산,남구,총계,관용
울산,남구,총계,자가용
울산,남구,총계,영업용
울산,남구,총계,계
울산,동구,승용,관용
울산,동구,승용,자가용
울산,동구,승용,영업용
울산,동구,승용,계
울산,동구,승합,관용
울산,동구,승합,자가용
울산,동구,승합,영업용
울산,동구,승합,계
울산,동구,화물,관용
울산,동구,화물,자가용
울산,동구,화물,영업용
울산,동구,화물,계
울산,동구,특수,관용
울산,동구,특수,자가용
울산,동구,특수,영업용
울산,동구,특수,계
울산,동구,총계,관용
울산,동구,총계,자가용
울산,동구,총계,영업용
울산,동구,총계,계
울산,북구,승용,관용
울산,북구,승용,자가용
울산,북구,승용,영업용
울산,북구,승용,계
울산,북구,승합,관용
울산,북구,승합,자가용
울산,북구,승합,영업용
울산,북구,승합,계
울산,북구,화물,관용
울산,북구,화물,자가용
울산,북구,화물,영업용
울산,북구,화물,계
울산,북구,특수,관용
울산,북구,특수,자가용
울산,북구,특수,영업용
울산,북구,특수,계
울산,북구,총계,관용
울산,북구,총계,자가용
울산,북구,총계,영업용
울산,북구,총계,계
울산,울주군,승용,관용
울산,울주군,승용,자가용
울산,울주군,승용,영업용
울산,울주군,승용,계
울산,울주군,승합,관용
울산,울주군,승합,자가용
울산,울주군,승합,영업용
울산,울주군,승합,계
울산,울주군,화물,관용
울산,울주군,화물,자가용
울산,울주군,화물,영업용
울산,울주군,화물,계
울산,울주군,특수,관용
울산,울주군,특수,자가용
울산,울주군,특수,영업용
울산,울주군,특수,계
울산,울주군,총계,관용
울산,울주군,총계,자가용
울산,울주군,총계,영업용
울산,울주군,총계,계
울산,중구,승용,관용
울산,중구,승용,자가용
울산,중구,승용,영업용
울산,중구,승용,계
울산,중구,승합,관용
울산,중구,승합,자가용
울산,중구,승합,영업용
울산,중구,승합,계
울산,중구,화물,관용
울산,중구,화물,자가용
울산,중구,화물,영업용
울산,중구,화물,계
울산,중구,특수,관용
울산,중구,특수,자가용
울산,중구,특수,영업용
울산,중구,특수,계
울산,중구,총계,관용
울산,중구,총계,자가용
울산,중구,총계,영업용
울산,중구,총계,계
울산,계,승용,관용
울산,계,승용,자가용
울산,계,승용,영업용
울산,계,승용,계
울산,계,승합,관용
울산,계,승합,자가용
울산,계,승합,영업용
울산,계,승합,계
울산,계,화물,관용
울산,계,화물,자가용
울산,계,화물,영업용
울산,계,화물,계
울산,계,특수,관용
울산,계,특수,자가용
울산,계,특수,영업용
울산,계,특수,계
울산,계,총계,관용
울산,계,총계,자가용
울산,계,총계,영업용
울산,계,총계,계
세종,세종특별자치시,승용,관용
세종,세종특별자치시,승용,자가용
세종,세종특별자치시,승용,영업용
세종,세종특별자치시,승용,계
세종,세종특별자치시,승합,관용
세종,세종특별자치시,승합,자가용
세종,세종특별자치시,승합,영업용
세종,세종특별자치시,승합,계
세종,세종특별자치시,화물,관용
세종,세종특별자치시,화물,자가용
세종,세종특별자치시,화물,영업용
세종,세종특별자치시,화물,계
세종,세종특별자치시,특수,관용
세종,세종특별자치시,특수,자가용
세종,세종특별자치시,특수,영업용
세종,세종특별자치시,특수,계
세종,세종특별자치시,총계,관용
세종,세종특별자치시,총계,자가용
세종,세종특별자치시,총계,영업용
세종,세종특별자치시,총계,계
세종,계,승용,관용
세종,계,승용,자가용
세종,계,승용,영업용
세종,계,승용,계
세종,계,승합,관용
세종,계,승합,자가용
세종,계,승합,영업용
세종,계,승합,계
세종,계,화물,관용
세종,계,화물,자가용
세종,계,화물,영업용
세종,계,화물,계
세종,계,특수,관용
세종,계,특수,자가용
세종,계,특수,영업용
세종,계,특수,계
세종,계,총계,관용
세종,계,총계,자가용
세종,계,총계,영업용
세종,계,총계,계
경기,가평군,승용,관용
경기,가평군,승용,자가용
경기,가평군,승용,영업용
경기,가평군,승용,계
경기,가평군,승합,관용
경기,가평군,승합,자가용
경기,가평군,승합,영업용
경기,가평군,승합,계
경기,가평군,화물,관용
경기,가평군,화물,자가용
경기,가평군,화물,영업용
경기,가평군,화물,계
경기,가평군,특수,관용
경기,가평군,특수,자가용
경기,가평군,특수,영업용
경기,가평군,특수,계
경기,가평군,총계,관용
경기,가평군,총계,자가용
경기,가평군,총계,영업용
경기,가평군,총계,계
경기,고양시 덕양구,승용,관용
경기,고양시 덕양구,승용,자가용
경기,고양시 덕양구,승용,영업용
경기,고양시 덕양구,승용,계
경기,고양시 덕양구,승합,관용
경기,고양시 덕양구,승합,자가용
경기,고양시 덕양구,승합,영업용
경기,고양시 덕양구,승합,계
경기,고양시 덕양구,화물,관용
경기,고양시 덕양구,화물,자가용
경기,고양시 덕양구,화물,영업용
경기,고양시 덕양구,화물,계
경기,고양시 덕양구,특수,관용
경기,고양시 덕양구,특수,자가용
경기,고양시 덕양구,특수,영업용
경기,고양시 덕양구,특수,계
경기,고양시 덕양구,총계,관용
경기,고양시 덕양구,총계,자가용
경기,고양시 덕양구,총계,영업용
경기,고양시 덕양구,총계,계
경기,고양시 일산동구,승용,관용
경기,고양시 일산동구,승용,자가용
경기,고양시 일산동구,승용,영업용
경기,고양시 일산동구,승용,계
경기,고양시 일산동구,승합,관용
경기,고양시 일산동구,승합,자가용
경기,고양시 일산동구,승합,영업용
경기,고양시 일산동구,승합,계
경기,고양시 일산동구,화물,관용
경기,고양시 일산동구,화물,자가용
경기,고양시 일산동구,화물,영업용
경기,고양시 일산동구,화물,계
경기,고양시 일산동구,특수,관용
경기,고양시 일산동구,특수,자가용
경기,고양시 일산동구,특수,영업용
경기,고양시 일산동구,특수,계
경기,고양시 일산동구,총계,관용
경기,고양시 일산동구,총계,자가용
경기,고양시 일산동구,총계,영업용
경기,고양시 일산동구,총계,계
경기,고양시 일산서구,승용,관용
경기,고양시 일산서구,승용,자가용
경기,고양시 일산서구,승용,영업용
경기,고양시 일산서구,승용,계
경기,고양시 일산서구,승합,관용
경기,고양시 일산서구,승합,자가용
경기,고양시 일산서구,승합,영업용
경기,고양시 일산서구,승합,계
경기,고양시 일산서구,화물,관용
경기,고양시 일산서구,화물,자가용
경기,고양시 일산서구,화물,영업용
경기,고양시 일산서구,화물,계
경기,고양시 일산서구,특수,관용
경기,고양시 일산서구,특수,자가용
경기,고양시 일산서구,특수,영업용
경기,고양시 일산서구,특수,계
경기,고양시 일산서구,총계,관용
경기,고양시 일산서구,총계,자가용
경기,고양시 일산서구,총계,영업용
경기,고양시 일산서구,총계,계
경기,과천시,승용,관용
경기,과천시,승용,자가용
경기,과천시,승용,영업용
경기,과천시,승용,계
경기,과천시,승합,관용
경기,과천시,승합,자가용
경기,과천시,승합,영업용
경기,과천시,승합,계
경기,과천시,화물,관용
경기,과천시,화물,자가용
경기,과천시,화물,영업용
경기,과천시,화물,계
경기,과천시,특수,관용
경기,과천시,특수,자가용
경기,과천시,특수,영업용
경기,과천시,특수,계
경기,과천시,총계,관용
경기,과천시,총계,자가용
경기,과천시,총계,영업용
경기,과천시,총계,계
경기,광명시,승용,관용
경기,광명시,승용,자가용
경기,광명시,승용,영업용
경기,광명시,승용,계
경기,광명시,승합,관용
경기,광명시,승합,자가용
경기,광명시,승합,영업용
경기,광명시,승합,계
경기,광명시,화물,관용
경기,광명시,화물,자가용
경기,광명시,화물,영업용
경기,광명시,화물,계
경기,광명시,특수,관용
경기,광명시,특수,자가용
경기,광명시,특수,영업용
경기,광명시,특수,계
경기,광명시,총계,관용
경기,광명시,총계,자가용
경기,광명시,총계,영업용
경기,광명시,총계,계
경기,광주시,승용,관용
경기,광주시,승용,자가용
경기,광주시,승용,영업용
경기,광주시,승용,계
경기,광주시,승합,관용
경기,광주시,승합,자가용
경기,광주시,승합,영업용
경기,광주시,승합,계
경기,광주시,화물,관용
경기,광주시,화물,자가용
경기,광주시,화물,영업용
경기,광주시,화물,계
경기,광주시,특수,관용
경기,광주시,특수,자가용
경기,광주시,특수,영업용
경기,광주시,특수,계
경기,광주시,총계,관용
경기,광주시,총계,자가용
경기,광주시,총계,영업용
경기,광주시,총계,계
경기,구리시,승용,관용
경기,구리시,승용,자가용
경기,구리시,승용,영업용
경기,구리시,승용,계
경기,구리시,승합,관용
경기,구리시,승합,자가용
경기,구리시,승합,영업용
경기,구리시,승합,계
경기,구리시,화물,관용
경기,구리시,화물,자가용
경기,구리시,화물,영업용
경기,구리시,화물,계
경기,구리시,특수,관용
경기,구리시,특수,자가용
경기,구리시,특수,영업용
경기,구리시,특수,계
경기,구리시,총계,관용
경기,구리시,총계,자가용
경기,구리시,총계,영업용
경기,구리시,총계,계
경기,군포시,승용,관용
경기,군포시,승용,자가용
경기,군포시,승용,영업용
경기,군포시,승용,계
경기,군포시,승합,관용
경기,군포시,승합,자가용
경기,군포시,승합,영업용
경기,군포시,승합,계
경기,군포시,화물,관용
경기,군포시,화물,자가용
경기,군포시,화물,영업용
경기,군포시,화물,계
경기,군포시,특수,관용
경기,군포시,특수,자가용
경기,군포시,특수,영업용
경기,군포시,특수,계
경기,군포시,총계,관용
경기,군포시,총계,자가용
경기,군포시,총계,영업용
경기,군포시,총계,계
경기,김포시,승용,관용
경기,김포시,승용,자가용
경기,김포시,승용,영업용
경기,김포시,승용,계
경기,김포시,승합,관용
경기,김포시,승합,자가용
경기,김포시,승합,영업용
경기,김포시,승합,계
경기,김포시,화물,관용
경기,김포시,화물,자가용
경기,김포시,화물,영업용
경기,김포시,화물,계
경기,김포시,특수,관용
경기,김포시,특수,자가용
경기,김포시,특수,영업용
경기,김포시,특수,계
경기,김포시,총계,관용
경기,김포시,총계,자가용
경기,김포시,총계,영업용
경기,김포시,총계,계
경기,남양주시,승용,관용
경기,남양주시,승용,자가용
경기,남양주시,승용,영업용
경기,남양주시,승용,계
경기,남양주시,승합,관용
경기,남양주시,승합,자가용
경기,남양주시,승합,영업용
경기,남양주시,승합,계
경기,남양주시,화물,관용
경기,남양주시,화물,자가용
경기,남양주시,화물,영업용
경기,남양주시,화물,계
경기,남양주시,특수,관용
경기,남양주시,특수,자가용
경기,남양주시,특수,영업용
경기,남양주시,특수,계
경기,남양주시,총계,관용
경기,남양주시,총계,자가용
경기,남양주시,총계,영업용
경기,남양주시,총계,계
경기,동두천시,승용,관용
경기,동두천시,승용,자가용
경기,동두천시,승용,영업용
경기,동두천시,승용,계
경기,동두천시,승합,관용
경기,동두천시,승합,자가용
경기,동두천시,승합,영업용
경기,동두천시,승합,계
경기,동두천시,화물,관용
경기,동두천시,화물,자가용
경기,동두천시,화물,영업용
경기,동두천시,화물,계
경기,동두천시,특수,관용
경기,동두천시,특수,자가용
경기,동두천시,특수,영업용
경기,동두천시,특수,계
경기,동두천시,총계,관용
경기,동두천시,총계,자가용
경기,동두천시,총계,영업용
경기,동두천시,총계,계
경기,부천시,승용,관용
경기,부천시,승용,자가용
경기,부천시,승용,영업용
경기,부천시,승용,계
경기,부천시,승합,관용
경기,부천시,승합,자가용
경기,부천시,승합,영업용
경기,부천시,승합,계
경기,부천시,화물,관용
경기,부천시,화물,자가용
경기,부천시,화물,영업용
경기,부천시,화물,계
경기,부천시,특수,관용
경기,부천시,특수,자가용
경기,부천시,특수,영업용
경기,부천시,특수,계
경기,부천시,총계,관용
경기,부천시,총계,자가용
경기,부천시,총계,영업용
경기,부천시,총계,계
경기,부천시 소사구,승용,관용
경기,부천시 소사구,승용,자가용
경기,부천시 소사구,승용,영업용
경기,부천시 소사구,승용,계
경기,부천시 소사구,승합,관용
경기,부천시 소사구,승합,자가용
경기,부천시 소사구,승합,영업용
경기,부천시 소사구,승합,계
경기,부천시 소사구,화물,관용
경기,부천시 소사구,화물,자가용
경기,부천시 소사구,화물,영업용
경기,부천시 소사구,화물,계
경기,부천시 소사구,특수,관용
경기,부천시 소사구,특수,자가용
경기,부천시 소사구,특수,영업용
경기,부천시 소사구,특수,계
경기,부천시 소사구,총계,관용
경기,부천시 소사구,총계,자가용
경기,부천시 소사구,총계,영업용
경기,부천시 소사구,총계,계
경기,부천시 오정구,승용,관용
경기,부천시 오정구,승용,자가용
경기,부천시 오정구,승용,영업용
경기,부천시 오정구,승용,계
경기,부천시 오정구,승합,관용
경기,부천시 오정구,승합,자가용
경기,부천시 오정구,승합,영업용
경기,부천시 오정구,승합,계
경기,부천시 오정구,화물,관용
경기,부천시 오정구,화물,자가용
경기,부천시 오정구,화물,영업용
경기,부천시 오정구,화물,계
경기,부천시 오정구,특수,관용
경기,부천시 오정구,특수,자가용
경기,부천시 오정구,특수,영업용
경기,부천시 오정구,특수,계
경기,부천시 오정구,총계,관용
경기,부천시 오정구,총계,자가용
경기,부천시 오정구,총계,영업용
경기,부천시 오정구,총계,계
경기,부천시 원미구,승용,관용
경기,부천시 원미구,승용,자가용
경기,부천시 원미구,승용,영업용
경기,부천시 원미구,승용,계
경기,부천시 원미구,승합,관용
경기,부천시 원미구,승합,자가용
경기,부천시 원미구,승합,영업용
경기,부천시 원미구,승합,계
경기,부천시 원미구,화물,관용
경기,부천시 원미구,화물,자가용
경기,부천시 원미구,화물,영업용
경기,부천시 원미구,화물,계
경기,부천시 원미구,특수,관용
경기,부천시 원미구,특수,자가용
경기,부천시 원미구,특수,영업용
경기,부천시 원미구,특수,계
경기,부천시 원미구,총계,관용
경기,부천시 원미구,총계,자가용
경기,부천시 원미구,총계,영업용
경기,부천시 원미구,총계,계
경기,성남시 분당구,승용,관용
경기,성남시 분당구,승용,자가용
경기,성남시 분당구,승용,영업용
경기,성남시 분당구,승용,계
경기,성남시 분당구,승합,관용
경기,성남시 분당구,승합,자가용
경기,성남시 분당구,승합,영업용
경기,성남시 분당구,승합,계
경기,성남시 분당구,화물,관용
경기,성남시 분당구,화물,자가용
경기,성남시 분당구,화물,영업용
경기,성남시 분당구,화물,계
경기,성남시 분당구,특수,관용
경기,성남시 분당구,특수,자가용
경기,성남시 분당구,특수,영업용
경기,성남시 분당구,특수,계
경기,성남시 분당구,총계,관용
경기,성남시 분당구,총계,자가용
경기,성남시 분당구,총계,영업용
경기,성남시 분당구,총계,계
경기,성남시 수정구,승용,관용
경기,성남시 수정구,승용,자가용
경기,성남시 수정구,승용,영업용
경기,성남시 수정구,승용,계
경기,성남시 수정구,승합,관용
경기,성남시 수정구,승합,자가용
경기,성남시 수정구,승합,영업용
경기,성남시 수정구,승합,계
경기,성남시 수정구,화물,관용
경기,성남시 수정구,화물,자가용
경기,성남시 수정구,화물,영업용
경기,성남시 수정구,화물,계
경기,성남시 수정구,특수,관용
경기,성남시 수정구,특수,자가용
경기,성남시 수정구,특수,영업용
경기,성남시 수정구,특수,계
경기,성남시 수정구,총계,관용
경기,성남시 수정구,총계,자가용
경기,성남시 수정구,총계,영업용
경기,성남시 수정구,총계,계
경기,성남시 중원구,승용,관용
경기,성남시 중원구,승용,자가용
경기,성남시 중원구,승용,영업용
경기,성남시 중원구,승용,계
경기,성남시 중원구,승합,관용
경기,성남시 중원구,승합,자가용
경기,성남시 중원구,승합,영업용
경기,성남시 중원구,승합,계
경기,성남시 중원구,화물,관용
경기,성남시 중원구,화물,자가용
경기,성남시 중원구,화물,영업용
경기,성남시 중원구,화물,계
경기,성남시 중원구,특수,관용
경기,성남시 중원구,특수,자가용
경기,성남시 중원구,특수,영업용
경기,성남시 중원구,특수,계
경기,성남시 중원구,총계,관용
경기,성남시 중원구,총계,자가용
경기,성남시 중원구,총계,영업용
경기,성남시 중원구,총계,계
경기,수원시 권선구,승용,관용
경기,수원시 권선구,승용,자가용
경기,수원시 권선구,승용,영업용
경기,수원시 권선구,승용,계
경기,수원시 권선구,승합,관용
경기,수원시 권선구,승합,자가용
경기,수원시 권선구,승합,영업용
경기,수원시 권선구,승합,계
경기,수원시 권선구,화물,관용
경기,수원시 권선구,화물,자가용
경기,수원시 권선구,화물,영업용
경기,수원시 권선구,화물,계
경기,수원시 권선구,특수,관용
경기,수원시 권선구,특수,자가용
경기,수원시 권선구,특수,영업용
경기,수원시 권선구,특수,계
경기,수원시 권선구,총계,관용
경기,수원시 권선구,총계,자가용
경기,수원시 권선구,총계,영업용
경기,수원시 권선구,총계,계
경기,수원시 영통구,승용,관용
경기,수원시 영통구,승용,자가용
경기,수원시 영통구,승용,영업용
경기,수원시 영통구,승용,계
경기,수원시 영통구,승합,관용
경기,수원시 영통구,승합,자가용
경기,수원시 영통구,승합,영업용
경기,수원시 영통구,승합,계
경기,수원시 영통구,화물,관용
경기,수원시 영통구,화물,자가용
경기,수원시 영통구,화물,영업용
경기,수원시 영통구,화물,계
경기,수원시 영통구,특수,관용
경기,수원시 영통구,특수,자가용
경기,수원시 영통구,특수,영업용
경기,수원시 영통구,특수,계
경기,수원시 영통구,총계,관용
경기,수원시 영통구,총계,자가용
경기,수원시 영통구,총계,영업용
경기,수원시 영통구,총계,계
경기,수원시 장안구,승용,관용
경기,수원시 장안구,승용,자가용
경기,수원시 장안구,승용,영업용
경기,수원시 장안구,승용,계
경기,수원시 장안구,승합,관용
경기,수원시 장안구,승합,자가용
경기,수원시 장안구,승합,영업용
경기,수원시 장안구,승합,계
경기,수원시 장안구,화물,관용
경기,수원시 장안구,화물,자가용
경기,수원시 장안구,화물,영업용
경기,수원시 장안구,화물,계
경기,수원시 장안구,특수,관용
경기,수원시 장안구,특수,자가용
경기,수원시 장안구,특수,영업용
경기,수원시 장안구,특수,계
경기,수원시 장안구,총계,관용
경기,수원시 장안구,총계,자가용
경기,수원시 장안구,총계,영업용
경기,수원시 장안구,총계,계
경기,수원시 팔달구,승용,관용
경기,수원시 팔달구,승용,자가용
경기,수원시 팔달구,승용,영업용
경기,수원시 팔달구,승용,계
경기,수원시 팔달구,승합,관용
경기,수원시 팔달구,승합,자가용
경기,수원시 팔달구,승합,영업용
경기,수원시 팔달구,승합,계
경기,수원시 팔달구,화물,관용
경기,수원시 팔달구,화물,자가용
경기,수원시 팔달구,화물,영업용
경기,수원시 팔달구,화물,계
경기,수원시 팔달구,특수,관용
경기,수원시 팔달구,특수,자가용
경기,수원시 팔달구,특수,영업용
경기,수원시 팔달구,특수,계
경기,수원시 팔달구,총계,관용
경기,수원시 팔달구,총계,자가용
경기,수원시 팔달구,총계,영업용
경기,수원시 팔달구,총계,계
경기,시흥시,승용,관용
경기,시흥시,승용,자가용
경기,시흥시,승용,영업용
경기,시흥시,승용,계
경기,시흥시,승합,관용
경기,시흥시,승합,자가용
경기,시흥시,승합,영업용
경기,시흥시,승합,계
경기,시흥시,화물,관용
경기,시흥시,화물,자가용
경기,시흥시,화물,영업용
경기,시흥시,화물,계
경기,시흥시,특수,관용
경기,시흥시,특수,자가용
경기,시흥시,특수,영업용
경기,시흥시,특수,계
경기,시흥시,총계,관용
경기,시흥시,총계,자가용
경기,시흥시,총계,영업용
경기,시흥시,총계,계
경기,안산시 단원구,승용,관용
경기,안산시 단원구,승용,자가용
경기,안산시 단원구,승용,영업용
경기,안산시 단원구,승용,계
경기,안산시 단원구,승합,관용
경기,안산시 단원구,승합,자가용
경기,안산시 단원구,승합,영업용
경기,안산시 단원구,승합,계
경기,안산시 단원구,화물,관용
경기,안산시 단원구,화물,자가용
경기,안산시 단원구,화물,영업용
경기,안산시 단원구,화물,계
경기,안산시 단원구,특수,관용
경기,안산시 단원구,특수,자가용
경기,안산시 단원구,특수,영업용
경기,안산시 단원구,특수,계
경기,안산시 단원구,총계,관용
경기,안산시 단원구,총계,자가용
경기,안산시 단원구,총계,영업용
경기,안산시 단원구,총계,계
경기,안산시 상록구,승용,관용
경기,안산시 상록구,승용,자가용
경기,안산시 상록구,승용,영업용
경기,안산시 상록구,승용,계
경기,안산시 상록구,승합,관용
경기,안산시 상록구,승합,자가용
경기,안산시 상록구,승합,영업용
경기,안산시 상록구,승합,계
경기,안산시 상록구,화물,관용
경기,안산시 상록구,화물,자가용
경기,안산시 상록구,화물,영업용
경기,안산시 상록구,화물,계
경기,안산시 상록구,특수,관용
경기,안산시 상록구,특수,자가용
경기,안산시 상록구,특수,영업용
경기,안산시 상록구,특수,계
경기,안산시 상록구,총계,관용
경기,안산시 상록구,총계,자가용
경기,안산시 상록구,총계,영업용
경기,안산시 상록구,총계,계
경기,안성시,승용,관용
경기,안성시,승용,자가용
경기,안성시,승용,영업용
경기,안성시,승용,계
경기,안성시,승합,관용
경기,안성시,승합,자가용
경기,안성시,승합,영업용
경기,안성시,승합,계
경기,안성시,화물,관용
경기,안성시,화물,자가용
경기,안성시,화물,영업용
경기,안성시,화물,계
경기,안성시,특수,관용
경기,안성시,특수,자가용
경기,안성시,특수,영업용
경기,안성시,특수,계
경기,안성시,총계,관용
경기,안성시,총계,자가용
경기,안성시,총계,영업용
경기,안성시,총계,계
경기,안양시 동안구,승용,관용
경기,안양시 동안구,승용,자가용
경기,안양시 동안구,승용,영업용
경기,안양시 동안구,승용,계
경기,안양시 동안구,승합,관용
경기,안양시 동안구,승합,자가용
경기,안양시 동안구,승합,영업용
경기,안양시 동안구,승합,계
경기,안양시 동안구,화물,관용
경기,안양시 동안구,화물,자가용
경기,안양시 동안구,화물,영업용
경기,안양시 동안구,화물,계
경기,안양시 동안구,특수,관용
경기,안양시 동안구,특수,자가용
경기,안양시 동안구,특수,영업용
경기,안양시 동안구,특수,계
경기,안양시 동안구,총계,관용
경기,안양시 동안구,총계,자가용
경기,안양시 동안구,총계,영업용
경기,안양시 동안구,총계,계
경기,안양시 만안구,승용,관용
경기,안양시 만안구,승용,자가용
경기,안양시 만안구,승용,영업용
경기,안양시 만안구,승용,계
경기,안양시 만안구,승합,관용
경기,안양시 만안구,승합,자가용
경기,안양시 만안구,승합,영업용
경기,안양시 만안구,승합,계
경기,안양시 만안구,화물,관용
경기,안양시 만안구,화물,자가용
경기,안양시 만안구,화물,영업용
경기,안양시 만안구,화물,계
경기,안양시 만안구,특수,관용
경기,안양시 만안구,특수,자가용
경기,안양시 만안구,특수,영업용
경기,안양시 만안구,특수,계
경기,안양시 만안구,총계,관용
경기,안양시 만안구,총계,자가용
경기,안양시 만안구,총계,영업용
경기,안양시 만안구,총계,계
경기,양주시,승용,관용
경기,양주시,승용,자가용
경기,양주시,승용,영업용
경기,양주시,승용,계
경기,양주시,승합,관용
경기,양주시,승합,자가용
경기,양주시,승합,영업용
경기,양주시,승합,계
경기,양주시,화물,관용
경기,양주시,화물,자가용
경기,양주시,화물,영업용
경기,양주시,화물,계
경기,양주시,특수,관용
경기,양주시,특수,자가용
경기,양주시,특수,영업용
경기,양주시,특수,계
경기,양주시,총계,관용
경기,양주시,총계,자가용
경기,양주시,총계,영업용
경기,양주시,총계,계
경기,양평군,승용,관용
경기,양평군,승용,자가용
경기,양평군,승용,영업용
경기,양평군,승용,계
경기,양평군,승합,관용
경기,양평군,승합,자가용
경기,양평군,승합,영업용
경기,양평군,승합,계
경기,양평군,화물,관용
경기,양평군,화물,자가용
경기,양평군,화물,영업용
경기,양평군,화물,계
경기,양평군,특수,관용
경기,양평군,특수,자가용
경기,양평군,특수,영업용
경기,양평군,특수,계
경기,양평군,총계,관용
경기,양평군,총계,자가용
경기,양평군,총계,영업용
경기,양평군,총계,계
경기,여주시,승용,관용
경기,여주시,승용,자가용
경기,여주시,승용,영업용
경기,여주시,승용,계
경기,여주시,승합,관용
경기,여주시,승합,자가용
경기,여주시,승합,영업용
경기,여주시,승합,계
경기,여주시,화물,관용
경기,여주시,화물,자가용
경기,여주시,화물,영업용
경기,여주시,화물,계
경기,여주시,특수,관용
경기,여주시,특수,자가용
경기,여주시,특수,영업용
경기,여주시,특수,계
경기,여주시,총계,관용
경기,여주시,총계,자가용
경기,여주시,총계,영업용
경기,여주시,총계,계
경기,연천군,승용,관용
경기,연천군,승용,자가용
경기,연천군,승용,영업용
경기,연천군,승용,계
경기,연천군,승합,관용
경기,연천군,승합,자가용
경기,연천군,승합,영업용
경기,연천군,승합,계
경기,연천군,화물,관용
경기,연천군,화물,자가용
경기,연천군,화물,영업용
경기,연천군,화물,계
경기,연천군,특수,관용
경기,연천군,특수,자가용
경기,연천군,특수,영업용
경기,연천군,특수,계
경기,연천군,총계,관용
경기,연천군,총계,자가용
경기,연천군,총계,영업용
경기,연천군,총계,계
경기,오산시,승용,관용
경기,오산시,승용,자가용
경기,오산시,승용,영업용
경기,오산시,승용,계
경기,오산시,승합,관용
경기,오산시,승합,자가용
경기,오산시,승합,영업용
경기,오산시,승합,계
경기,오산시,화물,관용
경기,오산시,화물,자가용
경기,오산시,화물,영업용
경기,오산시,화물,계
경기,오산시,특수,관용
경기,오산시,특수,자가용
경기,오산시,특수,영업용
경기,오산시,특수,계
경기,오산시,총계,관용
경기,오산시,총계,자가용
경기,오산시,총계,영업용
경기,오산시,총계,계
경기,용인시 기흥구,승용,관용
경기,용인시 기흥구,승용,자가용
경기,용인시 기흥구,승용,영업용
경기,용인시 기흥구,승용,계
경기,용인시 기흥구,승합,관용
경기,용인시 기흥구,승합,자가용
경기,용인시 기흥구,승합,영업용
경기,용인시 기흥구,승합,계
경기,용인시 기흥구,화물,관용
경기,용인시 기흥구,화물,자가용
경기,용인시 기흥구,화물,영업용
경기,용인시 기흥구,화물,계
경기,용인시 기흥구,특수,관용
경기,용인시 기흥구,특수,자가용
경기,용인시 기흥구,특수,영업용
경기,용인시 기흥구,특수,계
경기,용인시 기흥구,총계,관용
경기,용인시 기흥구,총계,자가용
경기,용인시 기흥구,총계,영업용
경기,용인시 기흥구,총계,계
경기,용인시 수지구,승용,관용
경기,용인시 수지구,승용,자가용
경기,용인시 수지구,승용,영업용
경기,용인시 수지구,승용,계
경기,용인시 수지구,승합,관용
경기,용인시 수지구,승합,자가용
경기,용인시 수지구,승합,영업용
경기,용인시 수지구,승합,계
경기,용인시 수지구,화물,관용
경기,용인시 수지구,화물,자가용
경기,용인시 수지구,화물,영업용
경기,용인시 수지구,화물,계
경기,용인시 수지구,특수,관용
경기,용인시 수지구,특수,자가용
경기,용인시 수지구,특수,영업용
경기,용인시 수지구,특수,계
경기,용인시 수지구,총계,관용
경기,용인시 수지구,총계,자가용
경기,용인시 수지구,총계,영업용
경기,용인시 수지구,총계,계
경기,용인시 처인구,승용,관용
경기,용인시 처인구,승용,자가용
경기,용인시 처인구,승용,영업용
경기,용인시 처인구,승용,계
경기,용인시 처인구,승합,관용
경기,용인시 처인구,승합,자가용
경기,용인시 처인구,승합,영업용
경기,용인시 처인구,승합,계
경기,용인시 처인구,화물,관용
경기,용인시 처인구,화물,자가용
경기,용인시 처인구,화물,영업용
경기,용인시 처인구,화물,계
경기,용인시 처인구,특수,관용
경기,용인시 처인구,특수,자가용
경기,용인시 처인구,특수,영업용
경기,용인시 처인구,특수,계
경기,용인시 처인구,총계,관용
경기,용인시 처인구,총계,자가용
경기,용인시 처인구,총계,영업용
경기,용인시 처인구,총계,계
경기,의왕시,승용,관용
경기,의왕시,승용,자가용
경기,의왕시,승용,영업용
경기,의왕시,승용,계
경기,의왕시,승합,관용
경기,의왕시,승합,자가용
경기,의왕시,승합,영업용
경기,의왕시,승합,계
경기,의왕시,화물,관용
경기,의왕시,화물,자가용
경기,의왕시,화물,영업용
경기,의왕시,화물,계
경기,의왕시,특수,관용
경기,의왕시,특수,자가용
경기,의왕시,특수,영업용
경기,의왕시,특수,계
경기,의왕시,총계,관용
경기,의왕시,총계,자가용
경기,의왕시,총계,영업용
경기,의왕시,총계,계
경기,의정부시,승용,관용
경기,의정부시,승용,자가용
경기,의정부시,승용,영업용
경기,의정부시,승용,계
경기,의정부시,승합,관용
경기,의정부시,승합,자가용
경기,의정부시,승합,영업용
경기,의정부시,승합,계
경기,의정부시,화물,관용
경기,의정부시,화물,자가용
경기,의정부시,화물,영업용
경기,의정부시,화물,계
경기,의정부시,특수,관용
경기,의정부시,특수,자가용
경기,의정부시,특수,영업용
경기,의정부시,특수,계
경기,의정부시,총계,관용
경기,의정부시,총계,자가용
경기,의정부시,총계,영업용
경기,의정부시,총계,계
경기,이천시,승용,관용
경기,이천시,승용,자가용
경기,이천시,승용,영업용
경기,이천시,승용,계
경기,이천시,승합,관용
경기,이천시,승합,자가용
경기,이천시,승합,영업용
경기,이천시,승합,계
경기,이천시,화물,관용
경기,이천시,화물,자가용
경기,이천시,화물,영업용
경기,이천시,화물,계
경기,이천시,특수,관용
경기,이천시,특수,자가용
경기,이천시,특수,영업용
경기,이천시,특수,계
경기,이천시,총계,관용
경기,이천시,총계,자가용
경기,이천시,총계,영업용
경기,이천시,총계,계
경기,파주시,승용,관용
경기,파주시,승용,자가용
경기,파주시,승용,영업용
경기,파주시,승용,계
경기,파주시,승합,관용
경기,파주시,승합,자가용
경기,파주시,승합,영업용
경기,파주시,승합,계
경기,파주시,화물,관용
경기,파주시,화물,자가용
경기,파주시,화물,영업용
경기,파주시,화물,계
경기,파주시,특수,관용
경기,파주시,특수,자가용
경기,파주시,특수,영업용
경기,파주시,특수,계
경기,파주시,총계,관용
경기,파주시,총계,자가용
경기,파주시,총계,영업용
경기,파주시,총계,계
경기,평택시,승용,관용
경기,평택시,승용,자가용
경기,평택시,승용,영업용
경기,평택시,승용,계
경기,평택시,승합,관용
경기,평택시,승합,자가용
경기,평택시,승합,영업용
경기,평택시,승합,계
경기,평택시,화물,관용
경기,평택시,화물,자가용
경기,평택시,화물,영업용
경기,평택시,화물,계
경기,평택시,특수,관용
경기,평택시,특수,자가용
경기,평택시,특수,영업용
경기,평택시,특수,계
경기,평택시,총계,관용
경기,평택시,총계,자가용
경기,평택시,총계,영업용
경기,평택시,총계,계
경기,포천시,승용,관용
경기,포천시,승용,자가용
경기,포천시,승용,영업용
경기,포천시,승용,계
경기,포천시,승합,관용
경기,포천시,승합,자가용
경기,포천시,승합,영업용
경기,포천시,승합,계
경기,포천시,화물,관용
경기,포천시,화물,자가용
경기,포천시,화물,영업용
경기,포천시,화물,계
경기,포천시,특수,관용
경기,포천시,특수,자가용
경기,포천시,특수,영업용
경기,포천시,특수,계
경기,포천시,총계,관용
경기,포천시,총계,자가용
경기,포천시,총계,영업용
경기,포천시,총계,계
경기,하남시,승용,관용
경기,하남시,승용,자가용
경기,하남시,승용,영업용
경기,하남시,승용,계
경기,하남시,승합,관용
경기,하남시,승합,자가용
경기,하남시,승합,영업용
경기,하남시,승합,계
경기,하남시,화물,관용
경기,하남시,화물,자가용
경기,하남시,화물,영업용
경기,하남시,화물,계
경기,하남시,특수,관용
경기,하남시,특수,자가용
경기,하남시,특수,영업용
경기,하남시,특수,계
경기,하남시,총계,관용
경기,하남시,총계,자가용
경기,하남시,총계,영업용
경기,하남시,총계,계
경기,화성시,승용,관용
경기,화성시,승용,자가용
경기,화성시,승용,영업용
경기,화성시,승용,계
경기,화성시,승합,관용
경기,화성시,승합,자가용
경기,화성시,승합,영업용
경기,화성시,승합,계
경기,화성시,화물,관용
경기,화성시,화물,자가용
경기,화성시,화물,영업용
경기,화성시,화물,계
경기,화성시,특수,관용
경기,화성시,특수,자가용
경기,화성시,특수,영업용
경기,화성시,특수,계
경기,화성시,총계,관용
경기,화성시,총계,자가용
경기,화성시,총계,영업용
경기,화성시,총계,계
경기,계,승용,관용
경기,계,승용,자가용
경기,계,승용,영업용
경기,계,승용,계
경기,계,승합,관용
경기,계,승합,자가용
경기,계,승합,영업용
경기,계,승합,계
경기,계,화물,관용
경기,계,화물,자가용
경기,계,화물,영업용
경기,계,화물,계
경기,계,특수,관용
경기,계,특수,자가용
경기,계,특수,영업용
경기,계,특수,계
경기,계,총계,관용
경기,계,총계,자가용
경기,계,총계,영업용
경기,계,총계,계
충북,괴산군,승용,관용
충북,괴산군,승용,자가용
충북,괴산군,승용,영업용
충북,괴산군,승용,계
충북,괴산군,승합,관용
충북,괴산군,승합,자가용
충북,괴산군,승합,영업용
충북,괴산군,승합,계
충북,괴산군,화물,관용
충북,괴산군,화물,자가용
충북,괴산군,화물,영업용
충북,괴산군,화물,계
충북,괴산군,특수,관용
충북,괴산군,특수,자가용
충북,괴산군,특수,영업용
충북,괴산군,특수,계
충북,괴산군,총계,관용
충북,괴산군,총계,자가용
충북,괴산군,총계,영업용
충북,괴산군,총계,계
충북,단양군,승용,관용
충북,단양군,승용,자가용
충북,단양군,승용,영업용
충북,단양군,승용,계
충북,단양군,승합,관용
충북,단양군,승합,자가용
충북,단양군,승합,영업용
충북,단양군,승합,계
충북,단양군,화물,관용
충북,단양군,화물,자가용
충북,단양군,화물,영업용
충북,단양군,화물,계
충북,단양군,특수,관용
충북,단양군,특수,자가용
충북,단양군,특수,영업용
충북,단양군,특수,계
충북,단양군,총계,관용
충북,단양군,총계,자가용
충북,단양군,총계,영업용
충북,단양군,총계,계
충북,보은군,승용,관용
충북,보은군,승용,자가용
충북,보은군,승용,영업용
충북,보은군,승용,계
충북,보은군,승합,관용
충북,보은군,승합,자가용
충북,보은군,승합,영업용
충북,보은군,승합,계
충북,보은군,화물,관용
충북,보은군,화물,자가용
충북,보은군,화물,영업용
충북,보은군,화물,계
충북,보은군,특수,관용
충북,보은군,특수,자가용
충북,보은군,특수,영업용
충북,보은군,특수,계
충북,보은군,총계,관용
충북,보은군,총계,자가용
충북,보은군,총계,영업용
충북,보은군,총계,계
충북,영동군,승용,관용
충북,영동군,승용,자가용
충북,영동군,승용,영업용
충북,영동군,승용,계
충북,영동군,승합,관용
충북,영동군,승합,자가용
충북,영동군,승합,영업용
충북,영동군,승합,계
충북,영동군,화물,관용
충북,영동군,화물,자가용
충북,영동군,화물,영업용
충북,영동군,화물,계
충북,영동군,특수,관용
충북,영동군,특수,자가용
충북,영동군,특수,영업용
충북,영동군,특수,계
충북,영동군,총계,관용
충북,영동군,총계,자가용
충북,영동군,총계,영업용
충북,영동군,총계,계
충북,옥천군,승용,관용
충북,옥천군,승용,자가용
충북,옥천군,승용,영업용
충북,옥천군,승용,계
충북,옥천군,승합,관용
충북,옥천군,승합,자가용
충북,옥천군,승합,영업용
충북,옥천군,승합,계
충북,옥천군,화물,관용
충북,옥천군,화물,자가용
충북,옥천군,화물,영업용
충북,옥천군,화물,계
충북,옥천군,특수,관용
충북,옥천군,특수,자가용
충북,옥천군,특수,영업용
충북,옥천군,특수,계
충북,옥천군,총계,관용
충북,옥천군,총계,자가용
충북,옥천군,총계,영업용
충북,옥천군,총계,계
충북,음성군,승용,관용
충북,음성군,승용,자가용
충북,음성군,승용,영업용
충북,음성군,승용,계
충북,음성군,승합,관용
충북,음성군,승합,자가용
충북,음성군,승합,영업용
충북,음성군,승합,계
충북,음성군,화물,관용
충북,음성군,화물,자가용
충북,음성군,화물,영업용
충북,음성군,화물,계
충북,음성군,특수,관용
충북,음성군,특수,자가용
충북,음성군,특수,영업용
충북,음성군,특수,계
충북,음성군,총계,관용
충북,음성군,총계,자가용
충북,음성군,총계,영업용
충북,음성군,총계,계
충북,제천시,승용,관용
충북,제천시,승용,자가용
충북,제천시,승용,영업용
충북,제천시,승용,계
충북,제천시,승합,관용
충북,제천시,승합,자가용
충북,제천시,승합,영업용
충북,제천시,승합,계
충북,제천시,화물,관용
충북,제천시,화물,자가용
충북,제천시,화물,영업용
충북,제천시,화물,계
충북,제천시,특수,관용
충북,제천시,특수,자가용
충북,제천시,특수,영업용
충북,제천시,특수,계
충북,제천시,총계,관용
충북,제천시,총계,자가용
충북,제천시,총계,영업용
충북,제천시,총계,계
충북,증평군,승용,관용
충북,증평군,승용,자가용
충북,증평군,승용,영업용
충북,증평군,승용,계
충북,증평군,승합,관용
충북,증평군,승합,자가용
충북,증평군,승합,영업용
충북,증평군,승합,계
충북,증평군,화물,관용
충북,증평군,화물,자가용
충북,증평군,화물,영업용
충북,증평군,화물,계
충북,증평군,특수,관용
충북,증평군,특수,자가용
충북,증평군,특수,영업용
충북,증평군,특수,계
충북,증평군,총계,관용
충북,증평군,총계,자가용
충북,증평군,총계,영업용
충북,증평군,총계,계
충북,진천군,승용,관용
충북,진천군,승용,자가용
충북,진천군,승용,영업용
충북,진천군,승용,계
충북,진천군,승합,관용
충북,진천군,승합,자가용
충북,진천군,승합,영업용
충북,진천군,승합,계
충북,진천군,화물,관용
충북,진천군,화물,자가용
충북,진천군,화물,영업용
충북,진천군,화물,계
충북,진천군,특수,관용
충북,진천군,특수,자가용
충북,진천군,특수,영업용
충북,진천군,특수,계
충북,진천군,총계,관용
충북,진천군,총계,자가용
충북,진천군,총계,영업용
충북,진천군,총계,계
충북,청원군,승용,관용
충북,청원군,승용,자가용
충북,청원군,승용,영업용
충북,청원군,승용,계
충북,청원군,승합,관용
충북,청원군,승합,자가용
충북,청원군,승합,영업용
충북,청원군,승합,계
충북,청원군,화물,관용
충북,청원군,화물,자가용
충북,청원군,화물,영업용
충북,청원군,화물,계
충북,청원군,특수,관용
충북,청원군,특수,자가용
충북,청원군,특수,영업용
충북,청원군,특수,계
충북,청원군,총계,관용
충북,청원군,총계,자가용
충북,청원군,총계,영업용
충북,청원군,총계,계
충북,청주시 상당구,승용,관용
충북,청주시 상당구,승용,자가용
충북,청주시 상당구,승용,영업용
충북,청주시 상당구,승용,계
충북,청주시 상당구,승합,관용
충북,청주시 상당구,승합,자가용
충북,청주시 상당구,승합,영업용
충북,청주시 상당구,승합,계
충북,청주시 상당구,화물,관용
충북,청주시 상당구,화물,자가용
충북,청주시 상당구,화물,영업용
충북,청주시 상당구,화물,계
충북,청주시 상당구,특수,관용
충북,청주시 상당구,특수,자가용
충북,청주시 상당구,특수,영업용
충북,청주시 상당구,특수,계
충북,청주시 상당구,총계,관용
충북,청주시 상당구,총계,자가용
충북,청주시 상당구,총계,영업용
충북,청주시 상당구,총계,계
충북,청주시 서원구,승용,관용
충북,청주시 서원구,승용,자가용
충북,청주시 서원구,승용,영업용
충북,청주시 서원구,승용,계
충북,청주시 서원구,승합,관용
충북,청주시 서원구,승합,자가용
충북,청주시 서원구,승합,영업용
충북,청주시 서원구,승합,계
충북,청주시 서원구,화물,관용
충북,청주시 서원구,화물,자가용
충북,청주시 서원구,화물,영업용
충북,청주시 서원구,화물,계
충북,청주시 서원구,특수,관용
충북,청주시 서원구,특수,자가용
충북,청주시 서원구,특수,영업용
충북,청주시 서원구,특수,계
충북,청주시 서원구,총계,관용
충북,청주시 서원구,총계,자가용
충북,청주시 서원구,총계,영업용
충북,청주시 서원구,총계,계
충북,청주시 청원구,승용,관용
충북,청주시 청원구,승용,자가용
충북,청주시 청원구,승용,영업용
충북,청주시 청원구,승용,계
충북,청주시 청원구,승합,관용
충북,청주시 청원구,승합,자가용
충북,청주시 청원구,승합,영업용
충북,청주시 청원구,승합,계
충북,청주시 청원구,화물,관용
충북,청주시 청원구,화물,자가용
충북,청주시 청원구,화물,영업용
충북,청주시 청원구,화물,계
충북,청주시 청원구,특수,관용
충북,청주시 청원구,특수,자가용
충북,청주시 청원구,특수,영업용
충북,청주시 청원구,특수,계
충북,청주시 청원구,총계,관용
충북,청주시 청원구,총계,자가용
충북,청주시 청원구,총계,영업용
충북,청주시 청원구,총계,계
충북,청주시 흥덕구,승용,관용
충북,청주시 흥덕구,승용,자가용
충북,청주시 흥덕구,승용,영업용
충북,청주시 흥덕구,승용,계
충북,청주시 흥덕구,승합,관용
충북,청주시 흥덕구,승합,자가용
충북,청주시 흥덕구,승합,영업용
충북,청주시 흥덕구,승합,계
충북,청주시 흥덕구,화물,관용
충북,청주시 흥덕구,화물,자가용
충북,청주시 흥덕구,화물,영업용
충북,청주시 흥덕구,화물,계
충북,청주시 흥덕구,특수,관용
충북,청주시 흥덕구,특수,자가용
충북,청주시 흥덕구,특수,영업용
충북,청주시 흥덕구,특수,계
충북,청주시 흥덕구,총계,관용
충북,청주시 흥덕구,총계,자가용
충북,청주시 흥덕구,총계,영업용
충북,청주시 흥덕구,총계,계
충북,충주시,승용,관용
충북,충주시,승용,자가용
충북,충주시,승용,영업용
충북,충주시,승용,계
충북,충주시,승합,관용
충북,충주시,승합,자가용
충북,충주시,승합,영업용
충북,충주시,승합,계
충북,충주시,화물,관용
충북,충주시,화물,자가용
충북,충주시,화물,영업용
충북,충주시,화물,계
충북,충주시,특수,관용
충북,충주시,특수,자가용
충북,충주시,특수,영업용
충북,충주시,특수,계
충북,충주시,총계,관용
충북,충주시,총계,자가용
충북,충주시,총계,영업용
충북,충주시,총계,계
충북,계,승용,관용
충북,계,승용,자가용
충북,계,승용,영업용
충북,계,승용,계
충북,계,승합,관용
충북,계,승합,자가용
충북,계,승합,영업용
충북,계,승합,계
충북,계,화물,관용
충북,계,화물,자가용
충북,계,화물,영업용
충북,계,화물,계
충북,계,특수,관용
충북,계,특수,자가용
충북,계,특수,영업용
충북,계,특수,계
충북,계,총계,관용
충북,계,총계,자가용
충북,계,총계,영업용
충북,계,총계,계
충남,계룡시,승용,관용
충남,계룡시,승용,자가용
충남,계룡시,승용,영업용
충남,계룡시,승용,계
충남,계룡시,승합,관용
충남,계룡시,승합,자가용
충남,계룡시,승합,영업용
충남,계룡시,승합,계
충남,계룡시,화물,관용
충남,계룡시,화물,자가용
충남,계룡시,화물,영업용
충남,계룡시,화물,계
충남,계룡시,특수,관용
충남,계룡시,특수,자가용
충남,계룡시,특수,영업용
충남,계룡시,특수,계
충남,계룡시,총계,관용
충남,계룡시,총계,자가용
충남,계룡시,총계,영업용
충남,계룡시,총계,계
충남,공주시,승용,관용
충남,공주시,승용,자가용
충남,공주시,승용,영업용
충남,공주시,승용,계
충남,공주시,승합,관용
충남,공주시,승합,자가용
충남,공주시,승합,영업용
충남,공주시,승합,계
충남,공주시,화물,관용
충남,공주시,화물,자가용
충남,공주시,화물,영업용
충남,공주시,화물,계
충남,공주시,특수,관용
충남,공주시,특수,자가용
충남,공주시,특수,영업용
충남,공주시,특수,계
충남,공주시,총계,관용
충남,공주시,총계,자가용
충남,공주시,총계,영업용
충남,공주시,총계,계
충남,금산군,승용,관용
충남,금산군,승용,자가용
충남,금산군,승용,영업용
충남,금산군,승용,계
충남,금산군,승합,관용
충남,금산군,승합,자가용
충남,금산군,승합,영업용
충남,금산군,승합,계
충남,금산군,화물,관용
충남,금산군,화물,자가용
충남,금산군,화물,영업용
충남,금산군,화물,계
충남,금산군,특수,관용
충남,금산군,특수,자가용
충남,금산군,특수,영업용
충남,금산군,특수,계
충남,금산군,총계,관용
충남,금산군,총계,자가용
충남,금산군,총계,영업용
충남,금산군,총계,계
충남,논산시,승용,관용
충남,논산시,승용,자가용
충남,논산시,승용,영업용
충남,논산시,승용,계
충남,논산시,승합,관용
충남,논산시,승합,자가용
충남,논산시,승합,영업용
충남,논산시,승합,계
충남,논산시,화물,관용
충남,논산시,화물,자가용
충남,논산시,화물,영업용
충남,논산시,화물,계
충남,논산시,특수,관용
충남,논산시,특수,자가용
충남,논산시,특수,영업용
충남,논산시,특수,계
충남,논산시,총계,관용
충남,논산시,총계,자가용
충남,논산시,총계,영업용
충남,논산시,총계,계
충남,당진시,승용,관용
충남,당진시,승용,자가용
충남,당진시,승용,영업용
충남,당진시,승용,계
충남,당진시,승합,관용
충남,당진시,승합,자가용
충남,당진시,승합,영업용
충남,당진시,승합,계
충남,당진시,화물,관용
충남,당진시,화물,자가용
충남,당진시,화물,영업용
충남,당진시,화물,계
충남,당진시,특수,관용
충남,당진시,특수,자가용
충남,당진시,특수,영업용
충남,당진시,특수,계
충남,당진시,총계,관용
충남,당진시,총계,자가용
충남,당진시,총계,영업용
충남,당진시,총계,계
충남,보령시,승용,관용
충남,보령시,승용,자가용
충남,보령시,승용,영업용
충남,보령시,승용,계
충남,보령시,승합,관용
충남,보령시,승합,자가용
충남,보령시,승합,영업용
충남,보령시,승합,계
충남,보령시,화물,관용
충남,보령시,화물,자가용
충남,보령시,화물,영업용
충남,보령시,화물,계
충남,보령시,특수,관용
충남,보령시,특수,자가용
충남,보령시,특수,영업용
충남,보령시,특수,계
충남,보령시,총계,관용
충남,보령시,총계,자가용
충남,보령시,총계,영업용
충남,보령시,총계,계
충남,부여군,승용,관용
충남,부여군,승용,자가용
충남,부여군,승용,영업용
충남,부여군,승용,계
충남,부여군,승합,관용
충남,부여군,승합,자가용
충남,부여군,승합,영업용
충남,부여군,승합,계
충남,부여군,화물,관용
충남,부여군,화물,자가용
충남,부여군,화물,영업용
충남,부여군,화물,계
충남,부여군,특수,관용
충남,부여군,특수,자가용
충남,부여군,특수,영업용
충남,부여군,특수,계
충남,부여군,총계,관용
충남,부여군,총계,자가용
충남,부여군,총계,영업용
충남,부여군,총계,계
충남,서산시,승용,관용
충남,서산시,승용,자가용
충남,서산시,승용,영업용
충남,서산시,승용,계
충남,서산시,승합,관용
충남,서산시,승합,자가용
충남,서산시,승합,영업용
충남,서산시,승합,계
충남,서산시,화물,관용
충남,서산시,화물,자가용
충남,서산시,화물,영업용
충남,서산시,화물,계
충남,서산시,특수,관용
충남,서산시,특수,자가용
충남,서산시,특수,영업용
충남,서산시,특수,계
충남,서산시,총계,관용
충남,서산시,총계,자가용
충남,서산시,총계,영업용
충남,서산시,총계,계
충남,서천군,승용,관용
충남,서천군,승용,자가용
충남,서천군,승용,영업용
충남,서천군,승용,계
충남,서천군,승합,관용
충남,서천군,승합,자가용
충남,서천군,승합,영업용
충남,서천군,승합,계
충남,서천군,화물,관용
충남,서천군,화물,자가용
충남,서천군,화물,영업용
충남,서천군,화물,계
충남,서천군,특수,관용
충남,서천군,특수,자가용
충남,서천군,특수,영업용
충남,서천군,특수,계
충남,서천군,총계,관용
충남,서천군,총계,자가용
충남,서천군,총계,영업용
충남,서천군,총계,계
충남,아산시,승용,관용
충남,아산시,승용,자가용
충남,아산시,승용,영업용
충남,아산시,승용,계
충남,아산시,승합,관용
충남,아산시,승합,자가용
충남,아산시,승합,영업용
충남,아산시,승합,계
충남,아산시,화물,관용
충남,아산시,화물,자가용
충남,아산시,화물,영업용
충남,아산시,화물,계
충남,아산시,특수,관용
충남,아산시,특수,자가용
충남,아산시,특수,영업용
충남,아산시,특수,계
충남,아산시,총계,관용
충남,아산시,총계,자가용
충남,아산시,총계,영업용
충남,아산시,총계,계
충남,예산군,승용,관용
충남,예산군,승용,자가용
충남,예산군,승용,영업용
충남,예산군,승용,계
충남,예산군,승합,관용
충남,예산군,승합,자가용
충남,예산군,승합,영업용
충남,예산군,승합,계
충남,예산군,화물,관용
충남,예산군,화물,자가용
충남,예산군,화물,영업용
충남,예산군,화물,계
충남,예산군,특수,관용
충남,예산군,특수,자가용
충남,예산군,특수,영업용
충남,예산군,특수,계
충남,예산군,총계,관용
충남,예산군,총계,자가용
충남,예산군,총계,영업용
충남,예산군,총계,계
충남,천안시 동남구,승용,관용
충남,천안시 동남구,승용,자가용
충남,천안시 동남구,승용,영업용
충남,천안시 동남구,승용,계
충남,천안시 동남구,승합,관용
충남,천안시 동남구,승합,자가용
충남,천안시 동남구,승합,영업용
충남,천안시 동남구,승합,계
충남,천안시 동남구,화물,관용
충남,천안시 동남구,화물,자가용
충남,천안시 동남구,화물,영업용
충남,천안시 동남구,화물,계
충남,천안시 동남구,특수,관용
충남,천안시 동남구,특수,자가용
충남,천안시 동남구,특수,영업용
충남,천안시 동남구,특수,계
충남,천안시 동남구,총계,관용
충남,천안시 동남구,총계,자가용
충남,천안시 동남구,총계,영업용
충남,천안시 동남구,총계,계
충남,천안시 서북구,승용,관용
충남,천안시 서북구,승용,자가용
충남,천안시 서북구,승용,영업용
충남,천안시 서북구,승용,계
충남,천안시 서북구,승합,관용
충남,천안시 서북구,승합,자가용
충남,천안시 서북구,승합,영업용
충남,천안시 서북구,승합,계
충남,천안시 서북구,화물,관용
충남,천안시 서북구,화물,자가용
충남,천안시 서북구,화물,영업용
충남,천안시 서북구,화물,계
충남,천안시 서북구,특수,관용
충남,천안시 서북구,특수,자가용
충남,천안시 서북구,특수,영업용
충남,천안시 서북구,특수,계
충남,천안시 서북구,총계,관용
충남,천안시 서북구,총계,자가용
충남,천안시 서북구,총계,영업용
충남,천안시 서북구,총계,계
충남,청양군,승용,관용
충남,청양군,승용,자가용
충남,청양군,승용,영업용
충남,청양군,승용,계
충남,청양군,승합,관용
충남,청양군,승합,자가용
충남,청양군,승합,영업용
충남,청양군,승합,계
충남,청양군,화물,관용
충남,청양군,화물,자가용
충남,청양군,화물,영업용
충남,청양군,화물,계
충남,청양군,특수,관용
충남,청양군,특수,자가용
충남,청양군,특수,영업용
충남,청양군,특수,계
충남,청양군,총계,관용
충남,청양군,총계,자가용
충남,청양군,총계,영업용
충남,청양군,총계,계
충남,태안군,승용,관용
충남,태안군,승용,자가용
충남,태안군,승용,영업용
충남,태안군,승용,계
충남,태안군,승합,관용
충남,태안군,승합,자가용
충남,태안군,승합,영업용
충남,태안군,승합,계
충남,태안군,화물,관용
충남,태안군,화물,자가용
충남,태안군,화물,영업용
충남,태안군,화물,계
충남,태안군,특수,관용
충남,태안군,특수,자가용
충남,태안군,특수,영업용
충남,태안군,특수,계
충남,태안군,총계,관용
충남,태안군,총계,자가용
충남,태안군,총계,영업용
충남,태안군,총계,계
충남,홍성군,승용,관용
충남,홍성군,승용,자가용
충남,홍성군,승용,영업용
충남,홍성군,승용,계
충남,홍성군,승합,관용
충남,홍성군,승합,자가용
충남,홍성군,승합,영업용
충남,홍성군,승합,계
충남,홍성군,화물,관용
충남,홍성군,화물,자가용
충남,홍성군,화물,영업용
충남,홍성군,화물,계
충남,홍성군,특수,관용
충남,홍성군,특수,자가용
충남,홍성군,특수,영업용
충남,홍성군,특수,계
충남,홍성군,총계,관용
충남,홍성군,총계,자가용
충남,홍성군,총계,영업용
충남,홍성군,총계,계
충남,계,승용,관용
충남,계,승용,자가용
충남,계,승용,영업용
충남,계,승용,계
충남,계,승합,관용
충남,계,승합,자가용
충남,계,승합,영업용
충남,계,승합,계
충남,계,화물,관용
충남,계,화물,자가용
충남,계,화물,영업용
충남,계,화물,계
충남,계,특수,관용
충남,계,특수,자가용
충남,계,특수,영업용
충남,계,특수,계
충남,계,총계,관용
충남,계,총계,자가용
충남,계,총계,영업용
충남,계,총계,계
전남,강진군,승용,관용
전남,강진군,승용,자가용
전남,강진군,승용,영업용
전남,강진군,승용,계
전남,강진군,승합,관용
전남,강진군,승합,자가용
전남,강진군,승합,영업용
전남,강진군,승합,계
전남,강진군,화물,관용
전남,강진군,화물,자가용
전남,강진군,화물,영업용
전남,강진군,화물,계
전남,강진군,특수,관용
전남,강진군,특수,자가용
전남,강진군,특수,영업용
전남,강진군,특수,계
전남,강진군,총계,관용
전남,강진군,총계,자가용
전남,강진군,총계,영업용
전남,강진군,총계,계
전남,고흥군,승용,관용
전남,고흥군,승용,자가용
전남,고흥군,승용,영업용
전남,고흥군,승용,계
전남,고흥군,승합,관용
전남,고흥군,승합,자가용
전남,고흥군,승합,영업용
전남,고흥군,승합,계
전남,고흥군,화물,관용
전남,고흥군,화물,자가용
전남,고흥군,화물,영업용
전남,고흥군,화물,계
전남,고흥군,특수,관용
전남,고흥군,특수,자가용
전남,고흥군,특수,영업용
전남,고흥군,특수,계
전남,고흥군,총계,관용
전남,고흥군,총계,자가용
전남,고흥군,총계,영업용
전남,고흥군,총계,계
전남,곡성군,승용,관용
전남,곡성군,승용,자가용
전남,곡성군,승용,영업용
전남,곡성군,승용,계
전남,곡성군,승합,관용
전남,곡성군,승합,자가용
전남,곡성군,승합,영업용
전남,곡성군,승합,계
전남,곡성군,화물,관용
전남,곡성군,화물,자가용
전남,곡성군,화물,영업용
전남,곡성군,화물,계
전남,곡성군,특수,관용
전남,곡성군,특수,자가용
전남,곡성군,특수,영업용
전남,곡성군,특수,계
전남,곡성군,총계,관용
전남,곡성군,총계,자가용
전남,곡성군,총계,영업용
전남,곡성군,총계,계
전남,광양시,승용,관용
전남,광양시,승용,자가용
전남,광양시,승용,영업용
전남,광양시,승용,계
전남,광양시,승합,관용
전남,광양시,승합,자가용
전남,광양시,승합,영업용
전남,광양시,승합,계
전남,광양시,화물,관용
전남,광양시,화물,자가용
전남,광양시,화물,영업용
전남,광양시,화물,계
전남,광양시,특수,관용
전남,광양시,특수,자가용
전남,광양시,특수,영업용
전남,광양시,특수,계
전남,광양시,총계,관용
전남,광양시,총계,자가용
전남,광양시,총계,영업용
전남,광양시,총계,계
전남,구례군,승용,관용
전남,구례군,승용,자가용
전남,구례군,승용,영업용
전남,구례군,승용,계
전남,구례군,승합,관용
전남,구례군,승합,자가용
전남,구례군,승합,영업용
전남,구례군,승합,계
전남,구례군,화물,관용
전남,구례군,화물,자가용
전남,구례군,화물,영업용
전남,구례군,화물,계
전남,구례군,특수,관용
전남,구례군,특수,자가용
전남,구례군,특수,영업용
전남,구례군,특수,계
전남,구례군,총계,관용
전남,구례군,총계,자가용
전남,구례군,총계,영업용
전남,구례군,총계,계
전남,나주시,승용,관용
전남,나주시,승용,자가용
전남,나주시,승용,영업용
전남,나주시,승용,계
전남,나주시,승합,관용
전남,나주시,승합,자가용
전남,나주시,승합,영업용
전남,나주시,승합,계
전남,나주시,화물,관용
전남,나주시,화물,자가용
전남,나주시,화물,영업용
전남,나주시,화물,계
전남,나주시,특수,관용
전남,나주시,특수,자가용
전남,나주시,특수,영업용
전남,나주시,특수,계
전남,나주시,총계,관용
전남,나주시,총계,자가용
전남,나주시,총계,영업용
전남,나주시,총계,계
전남,담양군,승용,관용
전남,담양군,승용,자가용
전남,담양군,승용,영업용
전남,담양군,승용,계
전남,담양군,승합,관용
전남,담양군,승합,자가용
전남,담양군,승합,영업용
전남,담양군,승합,계
전남,담양군,화물,관용
전남,담양군,화물,자가용
전남,담양군,화물,영업용
전남,담양군,화물,계
전남,담양군,특수,관용
전남,담양군,특수,자가용
전남,담양군,특수,영업용
전남,담양군,특수,계
전남,담양군,총계,관용
전남,담양군,총계,자가용
전남,담양군,총계,영업용
전남,담양군,총계,계
전남,목포시,승용,관용
전남,목포시,승용,자가용
전남,목포시,승용,영업용
전남,목포시,승용,계
전남,목포시,승합,관용
전남,목포시,승합,자가용
전남,목포시,승합,영업용
전남,목포시,승합,계
전남,목포시,화물,관용
전남,목포시,화물,자가용
전남,목포시,화물,영업용
전남,목포시,화물,계
전남,목포시,특수,관용
전남,목포시,특수,자가용
전남,목포시,특수,영업용
전남,목포시,특수,계
전남,목포시,총계,관용
전남,목포시,총계,자가용
전남,목포시,총계,영업용
전남,목포시,총계,계
전남,무안군,승용,관용
전남,무안군,승용,자가용
전남,무안군,승용,영업용
전남,무안군,승용,계
전남,무안군,승합,관용
전남,무안군,승합,자가용
전남,무안군,승합,영업용
전남,무안군,승합,계
전남,무안군,화물,관용
전남,무안군,화물,자가용
전남,무안군,화물,영업용
전남,무안군,화물,계
전남,무안군,특수,관용
전남,무안군,특수,자가용
전남,무안군,특수,영업용
전남,무안군,특수,계
전남,무안군,총계,관용
전남,무안군,총계,자가용
전남,무안군,총계,영업용
전남,무안군,총계,계
전남,보성군,승용,관용
전남,보성군,승용,자가용
전남,보성군,승용,영업용
전남,보성군,승용,계
전남,보성군,승합,관용
전남,보성군,승합,자가용
전남,보성군,승합,영업용
전남,보성군,승합,계
전남,보성군,화물,관용
전남,보성군,화물,자가용
전남,보성군,화물,영업용
전남,보성군,화물,계
전남,보성군,특수,관용
전남,보성군,특수,자가용
전남,보성군,특수,영업용
전남,보성군,특수,계
전남,보성군,총계,관용
전남,보성군,총계,자가용
전남,보성군,총계,영업용
전남,보성군,총계,계
전남,순천시,승용,관용
전남,순천시,승용,자가용
전남,순천시,승용,영업용
전남,순천시,승용,계
전남,순천시,승합,관용
전남,순천시,승합,자가용
전남,순천시,승합,영업용
전남,순천시,승합,계
전남,순천시,화물,관용
전남,순천시,화물,자가용
전남,순천시,화물,영업용
전남,순천시,화물,계
전남,순천시,특수,관용
전남,순천시,특수,자가용
전남,순천시,특수,영업용
전남,순천시,특수,계
전남,순천시,총계,관용
전남,순천시,총계,자가용
전남,순천시,총계,영업용
전남,순천시,총계,계
전남,신안군,승용,관용
전남,신안군,승용,자가용
전남,신안군,승용,영업용
전남,신안군,승용,계
전남,신안군,승합,관용
전남,신안군,승합,자가용
전남,신안군,승합,영업용
전남,신안군,승합,계
전남,신안군,화물,관용
전남,신안군,화물,자가용
전남,신안군,화물,영업용
전남,신안군,화물,계
전남,신안군,특수,관용
전남,신안군,특수,자가용
전남,신안군,특수,영업용
전남,신안군,특수,계
전남,신안군,총계,관용
전남,신안군,총계,자가용
전남,신안군,총계,영업용
전남,신안군,총계,계
전남,여수시,승용,관용
전남,여수시,승용,자가용
전남,여수시,승용,영업용
전남,여수시,승용,계
전남,여수시,승합,관용
전남,여수시,승합,자가용
전남,여수시,승합,영업용
전남,여수시,승합,계
전남,여수시,화물,관용
전남,여수시,화물,자가용
전남,여수시,화물,영업용
전남,여수시,화물,계
전남,여수시,특수,관용
전남,여수시,특수,자가용
전남,여수시,특수,영업용
전남,여수시,특수,계
전남,여수시,총계,관용
전남,여수시,총계,자가용
전남,여수시,총계,영업용
전남,여수시,총계,계
전남,영광군,승용,관용
전남,영광군,승용,자가용
전남,영광군,승용,영업용
전남,영광군,승용,계
전남,영광군,승합,관용
전남,영광군,승합,자가용
전남,영광군,승합,영업용
전남,영광군,승합,계
전남,영광군,화물,관용
전남,영광군,화물,자가용
전남,영광군,화물,영업용
전남,영광군,화물,계
전남,영광군,특수,관용
전남,영광군,특수,자가용
전남,영광군,특수,영업용
전남,영광군,특수,계
전남,영광군,총계,관용
전남,영광군,총계,자가용
전남,영광군,총계,영업용
전남,영광군,총계,계
전남,영암군,승용,관용
전남,영암군,승용,자가용
전남,영암군,승용,영업용
전남,영암군,승용,계
전남,영암군,승합,관용
전남,영암군,승합,자가용
전남,영암군,승합,영업용
전남,영암군,승합,계
전남,영암군,화물,관용
전남,영암군,화물,자가용
전남,영암군,화물,영업용
전남,영암군,화물,계
전남,영암군,특수,관용
전남,영암군,특수,자가용
전남,영암군,특수,영업용
전남,영암군,특수,계
전남,영암군,총계,관용
전남,영암군,총계,자가용
전남,영암군,총계,영업용
전남,영암군,총계,계
전남,완도군,승용,관용
전남,완도군,승용,자가용
전남,완도군,승용,영업용
전남,완도군,승용,계
전남,완도군,승합,관용
전남,완도군,승합,자가용
전남,완도군,승합,영업용
전남,완도군,승합,계
전남,완도군,화물,관용
전남,완도군,화물,자가용
전남,완도군,화물,영업용
전남,완도군,화물,계
전남,완도군,특수,관용
전남,완도군,특수,자가용
전남,완도군,특수,영업용
전남,완도군,특수,계
전남,완도군,총계,관용
전남,완도군,총계,자가용
전남,완도군,총계,영업용
전남,완도군,총계,계
전남,장성군,승용,관용
전남,장성군,승용,자가용
전남,장성군,승용,영업용
전남,장성군,승용,계
전남,장성군,승합,관용
전남,장성군,승합,자가용
전남,장성군,승합,영업용
전남,장성군,승합,계
전남,장성군,화물,관용
전남,장성군,화물,자가용
전남,장성군,화물,영업용
전남,장성군,화물,계
전남,장성군,특수,관용
전남,장성군,특수,자가용
전남,장성군,특수,영업용
전남,장성군,특수,계
전남,장성군,총계,관용
전남,장성군,총계,자가용
전남,장성군,총계,영업용
전남,장성군,총계,계
전남,장흥군,승용,관용
전남,장흥군,승용,자가용
전남,장흥군,승용,영업용
전남,장흥군,승용,계
전남,장흥군,승합,관용
전남,장흥군,승합,자가용
전남,장흥군,승합,영업용
전남,장흥군,승합,계
전남,장흥군,화물,관용
전남,장흥군,화물,자가용
전남,장흥군,화물,영업용
전남,장흥군,화물,계
전남,장흥군,특수,관용
전남,장흥군,특수,자가용
전남,장흥군,특수,영업용
전남,장흥군,특수,계
전남,장흥군,총계,관용
전남,장흥군,총계,자가용
전남,장흥군,총계,영업용
전남,장흥군,총계,계
전남,진도군,승용,관용
전남,진도군,승용,자가용
전남,진도군,승용,영업용
전남,진도군,승용,계
전남,진도군,승합,관용
전남,진도군,승합,자가용
전남,진도군,승합,영업용
전남,진도군,승합,계
전남,진도군,화물,관용
전남,진도군,화물,자가용
전남,진도군,화물,영업용
전남,진도군,화물,계
전남,진도군,특수,관용
전남,진도군,특수,자가용
전남,진도군,특수,영업용
전남,진도군,특수,계
전남,진도군,총계,관용
전남,진도군,총계,자가용
전남,진도군,총계,영업용
전남,진도군,총계,계
전남,함평군,승용,관용
전남,함평군,승용,자가용
전남,함평군,승용,영업용
전남,함평군,승용,계
전남,함평군,승합,관용
전남,함평군,승합,자가용
전남,함평군,승합,영업용
전남,함평군,승합,계
전남,함평군,화물,관용
전남,함평군,화물,자가용
전남,함평군,화물,영업용
전남,함평군,화물,계
전남,함평군,특수,관용
전남,함평군,특수,자가용
전남,함평군,특수,영업용
전남,함평군,특수,계
전남,함평군,총계,관용
전남,함평군,총계,자가용
전남,함평군,총계,영업용
전남,함평군,총계,계
전남,해남군,승용,관용
전남,해남군,승용,자가용
전남,해남군,승용,영업용
전남,해남군,승용,계
전남,해남군,승합,관용
전남,해남군,승합,자가용
전남,해남군,승합,영업용
전남,해남군,승합,계
전남,해남군,화물,관용
전남,해남군,화물,자가용
전남,해남군,화물,영업용
전남,해남군,화물,계
전남,해남군,특수,관용
전남,해남군,특수,자가용
전남,해남군,특수,영업용
전남,해남군,특수,계
전남,해남군,총계,관용
전남,해남군,총계,자가용
전남,해남군,총계,영업용
전남,해남군,총계,계
전남,화순군,승용,관용
전남,화순군,승용,자가용
전남,화순군,승용,영업용
전남,화순군,승용,계
전남,화순군,승합,관용
전남,화순군,승합,자가용
전남,화순군,승합,영업용
전남,화순군,승합,계
전남,화순군,화물,관용
전남,화순군,화물,자가용
전남,화순군,화물,영업용
전남,화순군,화물,계
전남,화순군,특수,관용
전남,화순군,특수,자가용
전남,화순군,특수,영업용
전남,화순군,특수,계
전남,화순군,총계,관용
전남,화순군,총계,자가용
전남,화순군,총계,영업용
전남,화순군,총계,계
전남,계,승용,관용
전남,계,승용,자가용
전남,계,승용,영업용
전남,계,승용,계
전남,계,승합,관용
전남,계,승합,자가용
전남,계,승합,영업용
전남,계,승합,계
전남,계,화물,관용
전남,계,화물,자가용
전남,계,화물,영업용
전남,계,화물,계
전남,계,특수,관용
전남,계,특수,자가용
전남,계,특수,영업용
전남,계,특수,계
전남,계,총계,관용
전남,계,총계,자가용
전남,계,총계,영업용
전남,계,총계,계
경북,경산시,승용,관용
경북,경산시,승용,자가용
경북,경산시,승용,영업용
경북,경산시,승용,계
경북,경산시,승합,관용
경북,경산시,승합,자가용
경북,경산시,승합,영업용
경북,경산시,승합,계
경북,경산시,화물,관용
경북,경산시,화물,자가용
경북,경산시,화물,영업용
경북,경산시,화물,계
경북,경산시,특수,관용
경북,경산시,특수,자가용
경북,경산시,특수,영업용
경북,경산시,특수,계
경북,경산시,총계,관용
경북,경산시,총계,자가용
경북,경산시,총계,영업용
경북,경산시,총계,계
경북,경주시,승용,관용
경북,경주시,승용,자가용
경북,경주시,승용,영업용
경북,경주시,승용,계
경북,경주시,승합,관용
경북,경주시,승합,자가용
경북,경주시,승합,영업용
경북,경주시,승합,계
경북,경주시,화물,관용
경북,경주시,화물,자가용
경북,경주시,화물,영업용
경북,경주시,화물,계
경북,경주시,특수,관용
경북,경주시,특수,자가용
경북,경주시,특수,영업용
경북,경주시,특수,계
경북,경주시,총계,관용
경북,경주시,총계,자가용
경북,경주시,총계,영업용
경북,경주시,총계,계
경북,고령군,승용,관용
경북,고령군,승용,자가용
경북,고령군,승용,영업용
경북,고령군,승용,계
경북,고령군,승합,관용
경북,고령군,승합,자가용
경북,고령군,승합,영업용
경북,고령군,승합,계
경북,고령군,화물,관용
경북,고령군,화물,자가용
경북,고령군,화물,영업용
경북,고령군,화물,계
경북,고령군,특수,관용
경북,고령군,특수,자가용
경북,고령군,특수,영업용
경북,고령군,특수,계
경북,고령군,총계,관용
경북,고령군,총계,자가용
경북,고령군,총계,영업용
경북,고령군,총계,계
경북,구미시,승용,관용
경북,구미시,승용,자가용
경북,구미시,승용,영업용
경북,구미시,승용,계
경북,구미시,승합,관용
경북,구미시,승합,자가용
경북,구미시,승합,영업용
경북,구미시,승합,계
경북,구미시,화물,관용
경북,구미시,화물,자가용
경북,구미시,화물,영업용
경북,구미시,화물,계
경북,구미시,특수,관용
경북,구미시,특수,자가용
경북,구미시,특수,영업용
경북,구미시,특수,계
경북,구미시,총계,관용
경북,구미시,총계,자가용
경북,구미시,총계,영업용
경북,구미시,총계,계
경북,군위군,승용,관용
경북,군위군,승용,자가용
경북,군위군,승용,영업용
경북,군위군,승용,계
경북,군위군,승합,관용
경북,군위군,승합,자가용
경북,군위군,승합,영업용
경북,군위군,승합,계
경북,군위군,화물,관용
경북,군위군,화물,자가용
경북,군위군,화물,영업용
경북,군위군,화물,계
경북,군위군,특수,관용
경북,군위군,특수,자가용
경북,군위군,특수,영업용
경북,군위군,특수,계
경북,군위군,총계,관용
경북,군위군,총계,자가용
경북,군위군,총계,영업용
경북,군위군,총계,계
경북,김천시,승용,관용
경북,김천시,승용,자가용
경북,김천시,승용,영업용
경북,김천시,승용,계
경북,김천시,승합,관용
경북,김천시,승합,자가용
경북,김천시,승합,영업용
경북,김천시,승합,계
경북,김천시,화물,관용
경북,김천시,화물,자가용
경북,김천시,화물,영업용
경북,김천시,화물,계
경북,김천시,특수,관용
경북,김천시,특수,자가용
경북,김천시,특수,영업용
경북,김천시,특수,계
경북,김천시,총계,관용
경북,김천시,총계,자가용
경북,김천시,총계,영업용
경북,김천시,총계,계
경북,문경시,승용,관용
경북,문경시,승용,자가용
경북,문경시,승용,영업용
경북,문경시,승용,계
경북,문경시,승합,관용
경북,문경시,승합,자가용
경북,문경시,승합,영업용
경북,문경시,승합,계
경북,문경시,화물,관용
경북,문경시,화물,자가용
경북,문경시,화물,영업용
경북,문경시,화물,계
경북,문경시,특수,관용
경북,문경시,특수,자가용
경북,문경시,특수,영업용
경북,문경시,특수,계
경북,문경시,총계,관용
경북,문경시,총계,자가용
경북,문경시,총계,영업용
경북,문경시,총계,계
경북,봉화군,승용,관용
경북,봉화군,승용,자가용
경북,봉화군,승용,영업용
경북,봉화군,승용,계
경북,봉화군,승합,관용
경북,봉화군,승합,자가용
경북,봉화군,승합,영업용
경북,봉화군,승합,계
경북,봉화군,화물,관용
경북,봉화군,화물,자가용
경북,봉화군,화물,영업용
경북,봉화군,화물,계
경북,봉화군,특수,관용
경북,봉화군,특수,자가용
경북,봉화군,특수,영업용
경북,봉화군,특수,계
경북,봉화군,총계,관용
경북,봉화군,총계,자가용
경북,봉화군,총계,영업용
경북,봉화군,총계,계
경북,상주시,승용,관용
경북,상주시,승용,자가용
경북,상주시,승용,영업용
경북,상주시,승용,계
경북,상주시,승합,관용
경북,상주시,승합,자가용
경북,상주시,승합,영업용
경북,상주시,승합,계
경북,상주시,화물,관용
경북,상주시,화물,자가용
경북,상주시,화물,영업용
경북,상주시,화물,계
경북,상주시,특수,관용
경북,상주시,특수,자가용
경북,상주시,특수,영업용
경북,상주시,특수,계
경북,상주시,총계,관용
경북,상주시,총계,자가용
경북,상주시,총계,영업용
경북,상주시,총계,계
경북,성주군,승용,관용
경북,성주군,승용,자가용
경북,성주군,승용,영업용
경북,성주군,승용,계
경북,성주군,승합,관용
경북,성주군,승합,자가용
경북,성주군,승합,영업용
경북,성주군,승합,계
경북,성주군,화물,관용
경북,성주군,화물,자가용
경북,성주군,화물,영업용
경북,성주군,화물,계
경북,성주군,특수,관용
경북,성주군,특수,자가용
경북,성주군,특수,영업용
경북,성주군,특수,계
경북,성주군,총계,관용
경북,성주군,총계,자가용
경북,성주군,총계,영업용
경북,성주군,총계,계
경북,안동시,승용,관용
경북,안동시,승용,자가용
경북,안동시,승용,영업용
경북,안동시,승용,계
경북,안동시,승합,관용
경북,안동시,승합,자가용
경북,안동시,승합,영업용
경북,안동시,승합,계
경북,안동시,화물,관용
경북,안동시,화물,자가용
경북,안동시,화물,영업용
경북,안동시,화물,계
경북,안동시,특수,관용
경북,안동시,특수,자가용
경북,안동시,특수,영업용
경북,안동시,특수,계
경북,안동시,총계,관용
경북,안동시,총계,자가용
경북,안동시,총계,영업용
경북,안동시,총계,계
경북,영덕군,승용,관용
경북,영덕군,승용,자가용
경북,영덕군,승용,영업용
경북,영덕군,승용,계
경북,영덕군,승합,관용
경북,영덕군,승합,자가용
경북,영덕군,승합,영업용
경북,영덕군,승합,계
경북,영덕군,화물,관용
경북,영덕군,화물,자가용
경북,영덕군,화물,영업용
경북,영덕군,화물,계
경북,영덕군,특수,관용
경북,영덕군,특수,자가용
경북,영덕군,특수,영업용
경북,영덕군,특수,계
경북,영덕군,총계,관용
경북,영덕군,총계,자가용
경북,영덕군,총계,영업용
경북,영덕군,총계,계
경북,영양군,승용,관용
경북,영양군,승용,자가용
경북,영양군,승용,영업용
경북,영양군,승용,계
경북,영양군,승합,관용
경북,영양군,승합,자가용
경북,영양군,승합,영업용
경북,영양군,승합,계
경북,영양군,화물,관용
경북,영양군,화물,자가용
경북,영양군,화물,영업용
경북,영양군,화물,계
경북,영양군,특수,관용
경북,영양군,특수,자가용
경북,영양군,특수,영업용
경북,영양군,특수,계
경북,영양군,총계,관용
경북,영양군,총계,자가용
경북,영양군,총계,영업용
경북,영양군,총계,계
경북,영주시,승용,관용
경북,영주시,승용,자가용
경북,영주시,승용,영업용
경북,영주시,승용,계
경북,영주시,승합,관용
경북,영주시,승합,자가용
경북,영주시,승합,영업용
경북,영주시,승합,계
경북,영주시,화물,관용
경북,영주시,화물,자가용
경북,영주시,화물,영업용
경북,영주시,화물,계
경북,영주시,특수,관용
경북,영주시,특수,자가용
경북,영주시,특수,영업용
경북,영주시,특수,계
경북,영주시,총계,관용
경북,영주시,총계,자가용
경북,영주시,총계,영업용
경북,영주시,총계,계
경북,영천시,승용,관용
경북,영천시,승용,자가용
경북,영천시,승용,영업용
경북,영천시,승용,계
경북,영천시,승합,관용
경북,영천시,승합,자가용
경북,영천시,승합,영업용
경북,영천시,승합,계
경북,영천시,화물,관용
경북,영천시,화물,자가용
경북,영천시,화물,영업용
경북,영천시,화물,계
경북,영천시,특수,관용
경북,영천시,특수,자가용
경북,영천시,특수,영업용
경북,영천시,특수,계
경북,영천시,총계,관용
경북,영천시,총계,자가용
경북,영천시,총계,영업용
경북,영천시,총계,계
경북,예천군,승용,관용
경북,예천군,승용,자가용
경북,예천군,승용,영업용
경북,예천군,승용,계
경북,예천군,승합,관용
경북,예천군,승합,자가용
경북,예천군,승합,영업용
경북,예천군,승합,계
경북,예천군,화물,관용
경북,예천군,화물,자가용
경북,예천군,화물,영업용
경북,예천군,화물,계
경북,예천군,특수,관용
경북,예천군,특수,자가용
경북,예천군,특수,영업용
경북,예천군,특수,계
경북,예천군,총계,관용
경북,예천군,총계,자가용
경북,예천군,총계,영업용
경북,예천군,총계,계
경북,울릉군,승용,관용
경북,울릉군,승용,자가용
경북,울릉군,승용,영업용
경북,울릉군,승용,계
경북,울릉군,승합,관용
경북,울릉군,승합,자가용
경북,울릉군,승합,영업용
경북,울릉군,승합,계
경북,울릉군,화물,관용
경북,울릉군,화물,자가용
경북,울릉군,화물,영업용
경북,울릉군,화물,계
경북,울릉군,특수,관용
경북,울릉군,특수,자가용
경북,울릉군,특수,영업용
경북,울릉군,특수,계
경북,울릉군,총계,관용
경북,울릉군,총계,자가용
경북,울릉군,총계,영업용
경북,울릉군,총계,계
경북,울진군,승용,관용
경북,울진군,승용,자가용
경북,울진군,승용,영업용
경북,울진군,승용,계
경북,울진군,승합,관용
경북,울진군,승합,자가용
경북,울진군,승합,영업용
경북,울진군,승합,계
경북,울진군,화물,관용
경북,울진군,화물,자가용
경북,울진군,화물,영업용
경북,울진군,화물,계
경북,울진군,특수,관용
경북,울진군,특수,자가용
경북,울진군,특수,영업용
경북,울진군,특수,계
경북,울진군,총계,관용
경북,울진군,총계,자가용
경북,울진군,총계,영업용
경북,울진군,총계,계
경북,의성군,승용,관용
경북,의성군,승용,자가용
경북,의성군,승용,영업용
경북,의성군,승용,계
경북,의성군,승합,관용
경북,의성군,승합,자가용
경북,의성군,승합,영업용
경북,의성군,승합,계
경북,의성군,화물,관용
경북,의성군,화물,자가용
경북,의성군,화물,영업용
경북,의성군,화물,계
경북,의성군,특수,관용
경북,의성군,특수,자가용
경북,의성군,특수,영업용
경북,의성군,특수,계
경북,의성군,총계,관용
경북,의성군,총계,자가용
경북,의성군,총계,영업용
경북,의성군,총계,계
경북,청도군,승용,관용
경북,청도군,승용,자가용
경북,청도군,승용,영업용
경북,청도군,승용,계
경북,청도군,승합,관용
경북,청도군,승합,자가용
경북,청도군,승합,영업용
경북,청도군,승합,계
경북,청도군,화물,관용
경북,청도군,화물,자가용
경북,청도군,화물,영업용
경북,청도군,화물,계
경북,청도군,특수,관용
경북,청도군,특수,자가용
경북,청도군,특수,영업용
경북,청도군,특수,계
경북,청도군,총계,관용
경북,청도군,총계,자가용
경북,청도군,총계,영업용
경북,청도군,총계,계
경북,청송군,승용,관용
경북,청송군,승용,자가용
경북,청송군,승용,영업용
경북,청송군,승용,계
경북,청송군,승합,관용
경북,청송군,승합,자가용
경북,청송군,승합,영업용
경북,청송군,승합,계
경북,청송군,화물,관용
경북,청송군,화물,자가용
경북,청송군,화물,영업용
경북,청송군,화물,계
경북,청송군,특수,관용
경북,청송군,특수,자가용
경북,청송군,특수,영업용
경북,청송군,특수,계
경북,청송군,총계,관용
경북,청송군,총계,자가용
경북,청송군,총계,영업용
경북,청송군,총계,계
경북,칠곡군,승용,관용
경북,칠곡군,승용,자가용
경북,칠곡군,승용,영업용
경북,칠곡군,승용,계
경북,칠곡군,승합,관용
경북,칠곡군,승합,자가용
경북,칠곡군,승합,영업용
경북,칠곡군,승합,계
경북,칠곡군,화물,관용
경북,칠곡군,화물,자가용
경북,칠곡군,화물,영업용
경북,칠곡군,화물,계
경북,칠곡군,특수,관용
경북,칠곡군,특수,자가용
경북,칠곡군,특수,영업용
경북,칠곡군,특수,계
경북,칠곡군,총계,관용
경북,칠곡군,총계,자가용
경북,칠곡군,총계,영업용
경북,칠곡군,총계,계
경북,포항시 남구,승용,관용
경북,포항시 남구,승용,자가용
경북,포항시 남구,승용,영업용
경북,포항시 남구,승용,계
경북,포항시 남구,승합,관용
경북,포항시 남구,승합,자가용
경북,포항시 남구,승합,영업용
경북,포항시 남구,승합,계
경북,포항시 남구,화물,관용
경북,포항시 남구,화물,자가용
경북,포항시 남구,화물,영업용
경북,포항시 남구,화물,계
경북,포항시 남구,특수,관용
경북,포항시 남구,특수,자가용
경북,포항시 남구,특수,영업용
경북,포항시 남구,특수,계
경북,포항시 남구,총계,관용
경북,포항시 남구,총계,자가용
경북,포항시 남구,총계,영업용
경북,포항시 남구,총계,계
경북,포항시 북구,승용,관용
경북,포항시 북구,승용,자가용
경북,포항시 북구,승용,영업용
경북,포항시 북구,승용,계
경북,포항시 북구,승합,관용
경북,포항시 북구,승합,자가용
경북,포항시 북구,승합,영업용
경북,포항시 북구,승합,계
경북,포항시 북구,화물,관용
경북,포항시 북구,화물,자가용
경북,포항시 북구,화물,영업용
경북,포항시 북구,화물,계
경북,포항시 북구,특수,관용
경북,포항시 북구,특수,자가용
경북,포항시 북구,특수,영업용
경북,포항시 북구,특수,계
경북,포항시 북구,총계,관용
경북,포항시 북구,총계,자가용
경북,포항시 북구,총계,영업용
경북,포항시 북구,총계,계
경북,계,승용,관용
경북,계,승용,자가용
경북,계,승용,영업용
경북,계,승용,계
경북,계,승합,관용
경북,계,승합,자가용
경북,계,승합,영업용
경북,계,승합,계
경북,계,화물,관용
경북,계,화물,자가용
경북,계,화물,영업용
경북,계,화물,계
경북,계,특수,관용
경북,계,특수,자가용
경북,계,특수,영업용
경북,계,특수,계
경북,계,총계,관용
경북,계,총계,자가용
경북,계,총계,영업용
경북,계,총계,계
경남,거제시,승용,관용
경남,거제시,승용,자가용
경남,거제시,승용,영업용
경남,거제시,승용,계
경남,거제시,승합,관용
경남,거제시,승합,자가용
경남,거제시,승합,영업용
경남,거제시,승합,계
경남,거제시,화물,관용
경남,거제시,화물,자가용
경남,거제시,화물,영업용
경남,거제시,화물,계
경남,거제시,특수,관용
경남,거제시,특수,자가용
경남,거제시,특수,영업용
경남,거제시,특수,계
경남,거제시,총계,관용
경남,거제시,총계,자가용
경남,거제시,총계,영업용
경남,거제시,총계,계
경남,거창군,승용,관용
경남,거창군,승용,자가용
경남,거창군,승용,영업용
경남,거창군,승용,계
경남,거창군,승합,관용
경남,거창군,승합,자가용
경남,거창군,승합,영업용
경남,거창군,승합,계
경남,거창군,화물,관용
경남,거창군,화물,자가용
경남,거창군,화물,영업용
경남,거창군,화물,계
경남,거창군,특수,관용
경남,거창군,특수,자가용
경남,거창군,특수,영업용
경남,거창군,특수,계
경남,거창군,총계,관용
경남,거창군,총계,자가용
경남,거창군,총계,영업용
경남,거창군,총계,계
경남,고성군,승용,관용
경남,고성군,승용,자가용
경남,고성군,승용,영업용
경남,고성군,승용,계
경남,고성군,승합,관용
경남,고성군,승합,자가용
경남,고성군,승합,영업용
경남,고성군,승합,계
경남,고성군,화물,관용
경남,고성군,화물,자가용
경남,고성군,화물,영업용
경남,고성군,화물,계
경남,고성군,특수,관용
경남,고성군,특수,자가용
경남,고성군,특수,영업용
경남,고성군,특수,계
경남,고성군,총계,관용
경남,고성군,총계,자가용
경남,고성군,총계,영업용
경남,고성군,총계,계
경남,김해시,승용,관용
경남,김해시,승용,자가용
경남,김해시,승용,영업용
경남,김해시,승용,계
경남,김해시,승합,관용
경남,김해시,승합,자가용
경남,김해시,승합,영업용
경남,김해시,승합,계
경남,김해시,화물,관용
경남,김해시,화물,자가용
경남,김해시,화물,영업용
경남,김해시,화물,계
경남,김해시,특수,관용
경남,김해시,특수,자가용
경남,김해시,특수,영업용
경남,김해시,특수,계
경남,김해시,총계,관용
경남,김해시,총계,자가용
경남,김해시,총계,영업용
경남,김해시,총계,계
경남,남해군,승용,관용
경남,남해군,승용,자가용
경남,남해군,승용,영업용
경남,남해군,승용,계
경남,남해군,승합,관용
경남,남해군,승합,자가용
경남,남해군,승합,영업용
경남,남해군,승합,계
경남,남해군,화물,관용
경남,남해군,화물,자가용
경남,남해군,화물,영업용
경남,남해군,화물,계
경남,남해군,특수,관용
경남,남해군,특수,자가용
경남,남해군,특수,영업용
경남,남해군,특수,계
경남,남해군,총계,관용
경남,남해군,총계,자가용
경남,남해군,총계,영업용
경남,남해군,총계,계
경남,밀양시,승용,관용
경남,밀양시,승용,자가용
경남,밀양시,승용,영업용
경남,밀양시,승용,계
경남,밀양시,승합,관용
경남,밀양시,승합,자가용
경남,밀양시,승합,영업용
경남,밀양시,승합,계
경남,밀양시,화물,관용
경남,밀양시,화물,자가용
경남,밀양시,화물,영업용
경남,밀양시,화물,계
경남,밀양시,특수,관용
경남,밀양시,특수,자가용
경남,밀양시,특수,영업용
경남,밀양시,특수,계
경남,밀양시,총계,관용
경남,밀양시,총계,자가용
경남,밀양시,총계,영업용
경남,밀양시,총계,계
경남,사천시,승용,관용
경남,사천시,승용,자가용
경남,사천시,승용,영업용
경남,사천시,승용,계
경남,사천시,승합,관용
경남,사천시,승합,자가용
경남,사천시,승합,영업용
경남,사천시,승합,계
경남,사천시,화물,관용
경남,사천시,화물,자가용
경남,사천시,화물,영업용
경남,사천시,화물,계
경남,사천시,특수,관용
경남,사천시,특수,자가용
경남,사천시,특수,영업용
경남,사천시,특수,계
경남,사천시,총계,관용
경남,사천시,총계,자가용
경남,사천시,총계,영업용
경남,사천시,총계,계
경남,산청군,승용,관용
경남,산청군,승용,자가용
경남,산청군,승용,영업용
경남,산청군,승용,계
경남,산청군,승합,관용
경남,산청군,승합,자가용
경남,산청군,승합,영업용
경남,산청군,승합,계
경남,산청군,화물,관용
경남,산청군,화물,자가용
경남,산청군,화물,영업용
경남,산청군,화물,계
경남,산청군,특수,관용
경남,산청군,특수,자가용
경남,산청군,특수,영업용
경남,산청군,특수,계
경남,산청군,총계,관용
경남,산청군,총계,자가용
경남,산청군,총계,영업용
경남,산청군,총계,계
경남,양산시,승용,관용
경남,양산시,승용,자가용
경남,양산시,승용,영업용
경남,양산시,승용,계
경남,양산시,승합,관용
경남,양산시,승합,자가용
경남,양산시,승합,영업용
경남,양산시,승합,계
경남,양산시,화물,관용
경남,양산시,화물,자가용
경남,양산시,화물,영업용
경남,양산시,화물,계
경남,양산시,특수,관용
경남,양산시,특수,자가용
경남,양산시,특수,영업용
경남,양산시,특수,계
경남,양산시,총계,관용
경남,양산시,총계,자가용
경남,양산시,총계,영업용
경남,양산시,총계,계
경남,의령군,승용,관용
경남,의령군,승용,자가용
경남,의령군,승용,영업용
경남,의령군,승용,계
경남,의령군,승합,관용
경남,의령군,승합,자가용
경남,의령군,승합,영업용
경남,의령군,승합,계
경남,의령군,화물,관용
경남,의령군,화물,자가용
경남,의령군,화물,영업용
경남,의령군,화물,계
경남,의령군,특수,관용
경남,의령군,특수,자가용
경남,의령군,특수,영업용
경남,의령군,특수,계
경남,의령군,총계,관용
경남,의령군,총계,자가용
경남,의령군,총계,영업용
경남,의령군,총계,계
경남,진주시,승용,관용
경남,진주시,승용,자가용
경남,진주시,승용,영업용
경남,진주시,승용,계
경남,진주시,승합,관용
경남,진주시,승합,자가용
경남,진주시,승합,영업용
경남,진주시,승합,계
경남,진주시,화물,관용
경남,진주시,화물,자가용
경남,진주시,화물,영업용
경남,진주시,화물,계
경남,진주시,특수,관용
경남,진주시,특수,자가용
경남,진주시,특수,영업용
경남,진주시,특수,계
경남,진주시,총계,관용
경남,진주시,총계,자가용
경남,진주시,총계,영업용
경남,진주시,총계,계
경남,창녕군,승용,관용
경남,창녕군,승용,자가용
경남,창녕군,승용,영업용
경남,창녕군,승용,계
경남,창녕군,승합,관용
경남,창녕군,승합,자가용
경남,창녕군,승합,영업용
경남,창녕군,승합,계
경남,창녕군,화물,관용
경남,창녕군,화물,자가용
경남,창녕군,화물,영업용
경남,창녕군,화물,계
경남,창녕군,특수,관용
경남,창녕군,특수,자가용
경남,창녕군,특수,영업용
경남,창녕군,특수,계
경남,창녕군,총계,관용
경남,창녕군,총계,자가용
경남,창녕군,총계,영업용
경남,창녕군,총계,계
경남,창원시 마산합포구,승용,관용
경남,창원시 마산합포구,승용,자가용
경남,창원시 마산합포구,승용,영업용
경남,창원시 마산합포구,승용,계
경남,창원시 마산합포구,승합,관용
경남,창원시 마산합포구,승합,자가용
경남,창원시 마산합포구,승합,영업용
경남,창원시 마산합포구,승합,계
경남,창원시 마산합포구,화물,관용
경남,창원시 마산합포구,화물,자가용
경남,창원시 마산합포구,화물,영업용
경남,창원시 마산합포구,화물,계
경남,창원시 마산합포구,특수,관용
경남,창원시 마산합포구,특수,자가용
경남,창원시 마산합포구,특수,영업용
경남,창원시 마산합포구,특수,계
경남,창원시 마산합포구,총계,관용
경남,창원시 마산합포구,총계,자가용
경남,창원시 마산합포구,총계,영업용
경남,창원시 마산합포구,총계,계
경남,창원시 마산회원구,승용,관용
경남,창원시 마산회원구,승용,자가용
경남,창원시 마산회원구,승용,영업용
경남,창원시 마산회원구,승용,계
경남,창원시 마산회원구,승합,관용
경남,창원시 마산회원구,승합,자가용
경남,창원시 마산회원구,승합,영업용
경남,창원시 마산회원구,승합,계
경남,창원시 마산회원구,화물,관용
경남,창원시 마산회원구,화물,자가용
경남,창원시 마산회원구,화물,영업용
경남,창원시 마산회원구,화물,계
경남,창원시 마산회원구,특수,관용
경남,창원시 마산회원구,특수,자가용
경남,창원시 마산회원구,특수,영업용
경남,창원시 마산회원구,특수,계
경남,창원시 마산회원구,총계,관용
경남,창원시 마산회원구,총계,자가용
경남,창원시 마산회원구,총계,영업용
경남,창원시 마산회원구,총계,계
경남,창원시 성산구,승용,관용
경남,창원시 성산구,승용,자가용
경남,창원시 성산구,승용,영업용
경남,창원시 성산구,승용,계
경남,창원시 성산구,승합,관용
경남,창원시 성산구,승합,자가용
경남,창원시 성산구,승합,영업용
경남,창원시 성산구,승합,계
경남,창원시 성산구,화물,관용
경남,창원시 성산구,화물,자가용
경남,창원시 성산구,화물,영업용
경남,창원시 성산구,화물,계
경남,창원시 성산구,특수,관용
경남,창원시 성산구,특수,자가용
경남,창원시 성산구,특수,영업용
경남,창원시 성산구,특수,계
경남,창원시 성산구,총계,관용
경남,창원시 성산구,총계,자가용
경남,창원시 성산구,총계,영업용
경남,창원시 성산구,총계,계
경남,창원시 의창구,승용,관용
경남,창원시 의창구,승용,자가용
경남,창원시 의창구,승용,영업용
경남,창원시 의창구,승용,계
경남,창원시 의창구,승합,관용
경남,창원시 의창구,승합,자가용
경남,창원시 의창구,승합,영업용
경남,창원시 의창구,승합,계
경남,창원시 의창구,화물,관용
경남,창원시 의창구,화물,자가용
경남,창원시 의창구,화물,영업용
경남,창원시 의창구,화물,계
경남,창원시 의창구,특수,관용
경남,창원시 의창구,특수,자가용
경남,창원시 의창구,특수,영업용
경남,창원시 의창구,특수,계
경남,창원시 의창구,총계,관용
경남,창원시 의창구,총계,자가용
경남,창원시 의창구,총계,영업용
경남,창원시 의창구,총계,계
경남,창원시 진해구,승용,관용
경남,창원시 진해구,승용,자가용
경남,창원시 진해구,승용,영업용
경남,창원시 진해구,승용,계
경남,창원시 진해구,승합,관용
경남,창원시 진해구,승합,자가용
경남,창원시 진해구,승합,영업용
경남,창원시 진해구,승합,계
경남,창원시 진해구,화물,관용
경남,창원시 진해구,화물,자가용
경남,창원시 진해구,화물,영업용
경남,창원시 진해구,화물,계
경남,창원시 진해구,특수,관용
경남,창원시 진해구,특수,자가용
경남,창원시 진해구,특수,영업용
경남,창원시 진해구,특수,계
경남,창원시 진해구,총계,관용
경남,창원시 진해구,총계,자가용
경남,창원시 진해구,총계,영업용
경남,창원시 진해구,총계,계
경남,통영시,승용,관용
경남,통영시,승용,자가용
경남,통영시,승용,영업용
경남,통영시,승용,계
경남,통영시,승합,관용
경남,통영시,승합,자가용
경남,통영시,승합,영업용
경남,통영시,승합,계
경남,통영시,화물,관용
경남,통영시,화물,자가용
경남,통영시,화물,영업용
경남,통영시,화물,계
경남,통영시,특수,관용
경남,통영시,특수,자가용
경남,통영시,특수,영업용
경남,통영시,특수,계
경남,통영시,총계,관용
경남,통영시,총계,자가용
경남,통영시,총계,영업용
경남,통영시,총계,계
경남,하동군,승용,관용
경남,하동군,승용,자가용
경남,하동군,승용,영업용
경남,하동군,승용,계
경남,하동군,승합,관용
경남,하동군,승합,자가용
경남,하동군,승합,영업용
경남,하동군,승합,계
경남,하동군,화물,관용
경남,하동군,화물,자가용
경남,하동군,화물,영업용
경남,하동군,화물,계
경남,하동군,특수,관용
경남,하동군,특수,자가용
경남,하동군,특수,영업용
경남,하동군,특수,계
경남,하동군,총계,관용
경남,하동군,총계,자가용
경남,하동군,총계,영업용
경남,하동군,총계,계
경남,함안군,승용,관용
경남,함안군,승용,자가용
경남,함안군,승용,영업용
경남,함안군,승용,계
경남,함안군,승합,관용
경남,함안군,승합,자가용
경남,함안군,승합,영업용
경남,함안군,승합,계
경남,함안군,화물,관용
경남,함안군,화물,자가용
경남,함안군,화물,영업용
경남,함안군,화물,계
경남,함안군,특수,관용
경남,함안군,특수,자가용
경남,함안군,특수,영업용
경남,함안군,특수,계
경남,함안군,총계,관용
경남,함안군,총계,자가용
경남,함안군,총계,영업용
경남,함안군,총계,계
경남,함양군,승용,관용
경남,함양군,승용,자가용
경남,함양군,승용,영업용
경남,함양군,승용,계
경남,함양군,승합,관용
경남,함양군,승합,자가용
경남,함양군,승합,영업용
경남,함양군,승합,계
경남,함양군,화물,관용
경남,함양군,화물,자가용
경남,함양군,화물,영업용
경남,함양군,화물,계
경남,함양군,특수,관용
경남,함양군,특수,자가용
경남,함양군,특수,영업용
경남,함양군,특수,계
경남,함양군,총계,관용
경남,함양군,총계,자가용
경남,함양군,총계,영업용
경남,함양군,총계,계
경남,합천군,승용,관용
경남,합천군,승용,자가용
경남,합천군,승용,영업용
경남,합천군,승용,계
경남,합천군,승합,관용
경남,합천군,승합,자가용
경남,합천군,승합,영업용
경남,합천군,승합,계
경남,합천군,화물,관용
경남,합천군,화물,자가용
경남,합천군,화물,영업용
경남,합천군,화물,계
경남,합천군,특수,관용
경남,합천군,특수,자가용
경남,합천군,특수,영업용
경남,합천군,특수,계
경남,합천군,총계,관용
경남,합천군,총계,자가용
경남,합천군,총계,영업용
경남,합천군,총계,계
경남,계,승용,관용
경남,계,승용,자가용
경남,계,승용,영업용
경남,계,승용,계
경남,계,승합,관용
경남,계,승합,자가용
경남,계,승합,영업용
경남,계,승합,계
경남,계,화물,관용
경남,계,화물,자가용
경남,계,화물,영업용
경남,계,화물,계
경남,계,특수,관용
경남,계,특수,자가용
경남,계,특수,영업용
경남,계,특수,계
경남,계,총계,관용
경남,계,총계,자가용
경남,계,총계,영업용
경남,계,총계,계
제주,서귀포시,승용,관용
제주,서귀포시,승용,자가용
제주,서귀포시,승용,영업용
제주,서귀포시,승용,계
제주,서귀포시,승합,관용
제주,서귀포시,승합,자가용
제주,서귀포시,승합,영업용
제주,서귀포시,승합,계
제주,서귀포시,화물,관용
제주,서귀포시,화물,자가용
제주,서귀포시,화물,영업용
제주,서귀포시,화물,계
제주,서귀포시,특수,관용
제주,서귀포시,특수,자가용
제주,서귀포시,특수,영업용
제주,서귀포시,특수,계
제주,서귀포시,총계,관용
제주,서귀포시,총계,자가용
제주,서귀포시,총계,영업용
제주,서귀포시,총계,계
제주,제주시,승용,관용
제주,제주시,승용,자가용
제주,제주시,승용,영업용
제주,제주시,승용,계
제주,제주시,승합,관용
제주,제주시,승합,자가용
제주,제주시,승합,영업용
제주,제주시,승합,계
제주,제주시,화물,관용
제주,제주시,화물,자가용
제주,제주시,화물,영업용
제주,제주시,화물,계
제주,제주시,특수,관용
제주,제주시,특수,자가용
제주,제주시,특수,영업용
제주,제주시,특수,계
제주,제주시,총계,관용
제주,제주시,총계,자가용
제주,제주시,총계,영업용
제주,제주시,총계,계
제주,계,승용,관용
제주,계,승용,자가용
제주,계,승용,영업용
제주,계,승용,계
제주,계,승합,관용
제주,계,승합,자가용
제주,계,승합,영업용
제주,계,승합,계
제주,계,화물,관용
제주,계,화물,자가용
제주,계,화물,영업용
제주,계,화물,계
제주,계,특수,관용
제주,계,특수,자가용
제주,계,특수,영업용
제주,계,특수,계
제주,계,총계,관용
제주,계,총계,자가용
제주,계,총계,영업용
제주,계,총계,계
강원,강릉시,승용,관용
강원,강릉시,승용,자가용
강원,강릉시,승용,영업용
강원,강릉시,승용,계
강원,강릉시,승합,관용
강원,강릉시,승합,자가용
강원,강릉시,승합,영업용
강원,강릉시,승합,계
강원,강릉시,화물,관용
강원,강릉시,화물,자가용
강원,강릉시,화물,영업용
강원,강릉시,화물,계
강원,강릉시,특수,관용
강원,강릉시,특수,자가용
강원,강릉시,특수,영업용
강원,강릉시,특수,계
강원,강릉시,총계,관용
강원,강릉시,총계,자가용
강원,강릉시,총계,영업용
강원,강릉시,총계,계
강원,고성군,승용,관용
강원,고성군,승용,자가용
강원,고성군,승용,영업용
강원,고성군,승용,계
강원,고성군,승합,관용
강원,고성군,승합,자가용
강원,고성군,승합,영업용
강원,고성군,승합,계
강원,고성군,화물,관용
강원,고성군,화물,자가용
강원,고성군,화물,영업용
강원,고성군,화물,계
강원,고성군,특수,관용
강원,고성군,특수,자가용
강원,고성군,특수,영업용
강원,고성군,특수,계
강원,고성군,총계,관용
강원,고성군,총계,자가용
강원,고성군,총계,영업용
강원,고성군,총계,계
강원,동해시,승용,관용
강원,동해시,승용,자가용
강원,동해시,승용,영업용
강원,동해시,승용,계
강원,동해시,승합,관용
강원,동해시,승합,자가용
강원,동해시,승합,영업용
강원,동해시,승합,계
강원,동해시,화물,관용
강원,동해시,화물,자가용
강원,동해시,화물,영업용
강원,동해시,화물,계
강원,동해시,특수,관용
강원,동해시,특수,자가용
강원,동해시,특수,영업용
강원,동해시,특수,계
강원,동해시,총계,관용
강원,동해시,총계,자가용
강원,동해시,총계,영업용
강원,동해시,총계,계
강원,삼척시,승용,관용
강원,삼척시,승용,자가용
강원,삼척시,승용,영업용
강원,삼척시,승용,계
강원,삼척시,승합,관용
강원,삼척시,승합,자가용
강원,삼척시,승합,영업용
강원,삼척시,승합,계
강원,삼척시,화물,관용
강원,삼척시,화물,자가용
강원,삼척시,화물,영업용
강원,삼척시,화물,계
강원,삼척시,특수,관용
강원,삼척시,특수,자가용
강원,삼척시,특수,영업용
강원,삼척시,특수,계
강원,삼척시,총계,관용
강원,삼척시,총계,자가용
강원,삼척시,총계,영업용
강원,삼척시,총계,계
강원,속초시,승용,관용
강원,속초시,승용,자가용
강원,속초시,승용,영업용
강원,속초시,승용,계
강원,속초시,승합,관용
강원,속초시,승합,자가용
강원,속초시,승합,영업용
강원,속초시,승합,계
강원,속초시,화물,관용
강원,속초시,화물,자가용
강원,속초시,화물,영업용
강원,속초시,화물,계
강원,속초시,특수,관용
강원,속초시,특수,자가용
강원,속초시,특수,영업용
강원,속초시,특수,계
강원,속초시,총계,관용
강원,속초시,총계,자가용
강원,속초시,총계,영업용
강원,속초시,총계,계
강원,양구군,승용,관용
강원,양구군,승용,자가용
강원,양구군,승용,영업용
강원,양구군,승용,계
강원,양구군,승합,관용
강원,양구군,승합,자가용
강원,양구군,승합,영업용
강원,양구군,승합,계
강원,양구군,화물,관용
강원,양구군,화물,자가용
강원,양구군,화물,영업용
강원,양구군,화물,계
강원,양구군,특수,관용
강원,양구군,특수,자가용
강원,양구군,특수,영업용
강원,양구군,특수,계
강원,양구군,총계,관용
강원,양구군,총계,자가용
강원,양구군,총계,영업용
강원,양구군,총계,계
강원,양양군,승용,관용
강원,양양군,승용,자가용
강원,양양군,승용,영업용
강원,양양군,승용,계
강원,양양군,승합,관용
강원,양양군,승합,자가용
강원,양양군,승합,영업용
강원,양양군,승합,계
강원,양양군,화물,관용
강원,양양군,화물,자가용
강원,양양군,화물,영업용
강원,양양군,화물,계
강원,양양군,특수,관용
강원,양양군,특수,자가용
강원,양양군,특수,영업용
강원,양양군,특수,계
강원,양양군,총계,관용
강원,양양군,총계,자가용
강원,양양군,총계,영업용
강원,양양군,총계,계
강원,영월군,승용,관용
강원,영월군,승용,자가용
강원,영월군,승용,영업용
강원,영월군,승용,계
강원,영월군,승합,관용
강원,영월군,승합,자가용
강원,영월군,승합,영업용
강원,영월군,승합,계
강원,영월군,화물,관용
강원,영월군,화물,자가용
강원,영월군,화물,영업용
강원,영월군,화물,계
강원,영월군,특수,관용
강원,영월군,특수,자가용
강원,영월군,특수,영업용
강원,영월군,특수,계
강원,영월군,총계,관용
강원,영월군,총계,자가용
강원,영월군,총계,영업용
강원,영월군,총계,계
강원,원주시,승용,관용
강원,원주시,승용,자가용
강원,원주시,승용,영업용
강원,원주시,승용,계
강원,원주시,승합,관용
강원,원주시,승합,자가용
강원,원주시,승합,영업용
강원,원주시,승합,계
강원,원주시,화물,관용
강원,원주시,화물,자가용
강원,원주시,화물,영업용
강원,원주시,화물,계
강원,원주시,특수,관용
강원,원주시,특수,자가용
강원,원주시,특수,영업용
강원,원주시,특수,계
강원,원주시,총계,관용
강원,원주시,총계,자가용
강원,원주시,총계,영업용
강원,원주시,총계,계
강원,인제군,승용,관용
강원,인제군,승용,자가용
강원,인제군,승용,영업용
강원,인제군,승용,계
강원,인제군,승합,관용
강원,인제군,승합,자가용
강원,인제군,승합,영업용
강원,인제군,승합,계
강원,인제군,화물,관용
강원,인제군,화물,자가용
강원,인제군,화물,영업용
강원,인제군,화물,계
강원,인제군,특수,관용
강원,인제군,특수,자가용
강원,인제군,특수,영업용
강원,인제군,특수,계
강원,인제군,총계,관용
강원,인제군,총계,자가용
강원,인제군,총계,영업용
강원,인제군,총계,계
강원,정선군,승용,관용
강원,정선군,승용,자가용
강원,정선군,승용,영업용
강원,정선군,승용,계
강원,정선군,승합,관용
강원,정선군,승합,자가용
강원,정선군,승합,영업용
강원,정선군,승합,계
강원,정선군,화물,관용
강원,정선군,화물,자가용
강원,정선군,화물,영업용
강원,정선군,화물,계
강원,정선군,특수,관용
강원,정선군,특수,자가용
강원,정선군,특수,영업용
강원,정선군,특수,계
강원,정선군,총계,관용
강원,정선군,총계,자가용
강원,정선군,총계,영업용
강원,정선군,총계,계
강원,철원군,승용,관용
강원,철원군,승용,자가용
강원,철원군,승용,영업용
강원,철원군,승용,계
강원,철원군,승합,관용
강원,철원군,승합,자가용
강원,철원군,승합,영업용
강원,철원군,승합,계
강원,철원군,화물,관용
강원,철원군,화물,자가용
강원,철원군,화물,영업용
강원,철원군,화물,계
강원,철원군,특수,관용
강원,철원군,특수,자가용
강원,철원군,특수,영업용
강원,철원군,특수,계
강원,철원군,총계,관용
강원,철원군,총계,자가용
강원,철원군,총계,영업용
강원,철원군,총계,계
강원,춘천시,승용,관용
강원,춘천시,승용,자가용
강원,춘천시,승용,영업용
강원,춘천시,승용,계
강원,춘천시,승합,관용
강원,춘천시,승합,자가용
강원,춘천시,승합,영업용
강원,춘천시,승합,계
강원,춘천시,화물,관용
강원,춘천시,화물,자가용
강원,춘천시,화물,영업용
강원,춘천시,화물,계
강원,춘천시,특수,관용
강원,춘천시,특수,자가용
강원,춘천시,특수,영업용
강원,춘천시,특수,계
강원,춘천시,총계,관용
강원,춘천시,총계,자가용
강원,춘천시,총계,영업용
강원,춘천시,총계,계
강원,태백시,승용,관용
강원,태백시,승용,자가용
강원,태백시,승용,영업용
강원,태백시,승용,계
강원,태백시,승합,관용
강원,태백시,승합,자가용
강원,태백시,승합,영업용
강원,태백시,승합,계
강원,태백시,화물,관용
강원,태백시,화물,자가용
강원,태백시,화물,영업용
강원,태백시,화물,계
강원,태백시,특수,관용
강원,태백시,특수,자가용
강원,태백시,특수,영업용
강원,태백시,특수,계
강원,태백시,총계,관용
강원,태백시,총계,자가용
강원,태백시,총계,영업용
강원,태백시,총계,계
강원,평창군,승용,관용
강원,평창군,승용,자가용
강원,평창군,승용,영업용
강원,평창군,승용,계
강원,평창군,승합,관용
강원,평창군,승합,자가용
강원,평창군,승합,영업용
강원,평창군,승합,계
강원,평창군,화물,관용
강원,평창군,화물,자가용
강원,평창군,화물,영업용
강원,평창군,화물,계
강원,평창군,특수,관용
강원,평창군,특수,자가용
강원,평창군,특수,영업용
강원,평창군,특수,계
강원,평창군,총계,관용
강원,평창군,총계,자가용
강원,평창군,총계,영업용
강원,평창군,총계,계
강원,홍천군,승용,관용
강원,홍천군,승용,자가용
강원,홍천군,승용,영업용
강원,홍천군,승용,계
강원,홍천군,승합,관용
강원,홍천군,승합,자가용
강원,홍천군,승합,영업용
강원,홍천군,승합,계
강원,홍천군,화물,관용
강원,홍천군,화물,자가용
강원,홍천군,화물,영업용
강원,홍천군,화물,계
강원,홍천군,특수,관용
강원,홍천군,특수,자가용
강원,홍천군,특수,영업용
강원,홍천군,특수,계
강원,홍천군,총계,관용
강원,홍천군,총계,자가용
강원,홍천군,총계,영업용
강원,홍천군,총계,계
강원,화천군,승용,관용
강원,화천군,승용,자가용
강원,화천군,승용,영업용
강원,화천군,승용,계
강원,화천군,승합,관용
강원,화천군,승합,자가용
강원,화천군,승합,영업용
강원,화천군,승합,계
강원,화천군,화물,관용
강원,화천군,화물,자가용
강원,화천군,화물,영업용
강원,화천군,화물,계
강원,화천군,특수,관용
강원,화천군,특수,자가용
강원,화천군,특수,영업용
강원,화천군,특수,계
강원,화천군,총계,관용
강원,화천군,총계,자가용
강원,화천군,총계,영업용
강원,화천군,총계,계
강원,횡성군,승용,관용
강원,횡성군,승용,자가용
강원,횡성군,승용,영업용
강원,횡성군,승용,계
강원,횡성군,승합,관용
강원,횡성군,승합,자가용
강원,횡성군,승합,영업용
강원,횡성군,승합,계
강원,횡성군,화물,관용
강원,횡성군,화물,자가용
강원,횡성군,화물,영업용
강원,횡성군,화물,계
강원,횡성군,특수,관용
강원,횡성군,특수,자가용
강원,횡성군,특수,영업용
강원,횡성군,특수,계
강원,횡성군,총계,관용
강원,횡성군,총계,자가용
강원,횡성군,총계,영업용
강원,횡성군,총계,계
강원,계,승용,관용
강원,계,승용,자가용
강원,계,승용,영업용
강원,계,승용,계
강원,계,승합,관용
강원,계,승합,자가용
강원,계,승합,영업용
강원,계,승합,계
강원,계,화물,관용
강원,계,화물,자가용
강원,계,화물,영업용
강원,계,화물,계
강원,계,특수,관용
강원,계,특수,자가용
강원,계,특수,영업용
강원,계,특수,계
강원,계,총계,관용
강원,계,총계,자가용
강원,계,총계,영업용
강원,계,총계,계
전북,고창군,승용,관용
전북,고창군,승용,자가용
전북,고창군,승용,영업용
전북,고창군,승용,계
전북,고창군,승합,관용
전북,고창군,승합,자가용
전북,고창군,승합,영업용
전북,고창군,승합,계
전북,고창군,화물,관용
전북,고창군,화물,자가용
전북,고창군,화물,영업용
전북,고창군,화물,계
전북,고창군,특수,관용
전북,고창군,특수,자가용
전북,고창군,특수,영업용
전북,고창군,특수,계
전북,고창군,총계,관용
전북,고창군,총계,자가용
전북,고창군,총계,영업용
전북,고창군,총계,계
전북,군산시,승용,관용
전북,군산시,승용,자가용
전북,군산시,승용,영업용
전북,군산시,승용,계
전북,군산시,승합,관용
전북,군산시,승합,자가용
전북,군산시,승합,영업용
전북,군산시,승합,계
전북,군산시,화물,관용
전북,군산시,화물,자가용
전북,군산시,화물,영업용
전북,군산시,화물,계
전북,군산시,특수,관용
전북,군산시,특수,자가용
전북,군산시,특수,영업용
전북,군산시,특수,계
전북,군산시,총계,관용
전북,군산시,총계,자가용
전북,군산시,총계,영업용
전북,군산시,총계,계
전북,김제시,승용,관용
전북,김제시,승용,자가용
전북,김제시,승용,영업용
전북,김제시,승용,계
전북,김제시,승합,관용
전북,김제시,승합,자가용
전북,김제시,승합,영업용
전북,김제시,승합,계
전북,김제시,화물,관용
전북,김제시,화물,자가용
전북,김제시,화물,영업용
전북,김제시,화물,계
전북,김제시,특수,관용
전북,김제시,특수,자가용
전북,김제시,특수,영업용
전북,김제시,특수,계
전북,김제시,총계,관용
전북,김제시,총계,자가용
전북,김제시,총계,영업용
전북,김제시,총계,계
전북,남원시,승용,관용
전북,남원시,승용,자가용
전북,남원시,승용,영업용
전북,남원시,승용,계
전북,남원시,승합,관용
전북,남원시,승합,자가용
전북,남원시,승합,영업용
전북,남원시,승합,계
전북,남원시,화물,관용
전북,남원시,화물,자가용
전북,남원시,화물,영업용
전북,남원시,화물,계
전북,남원시,특수,관용
전북,남원시,특수,자가용
전북,남원시,특수,영업용
전북,남원시,특수,계
전북,남원시,총계,관용
전북,남원시,총계,자가용
전북,남원시,총계,영업용
전북,남원시,총계,계
전북,무주군,승용,관용
전북,무주군,승용,자가용
전북,무주군,승용,영업용
전북,무주군,승용,계
전북,무주군,승합,관용
전북,무주군,승합,자가용
전북,무주군,승합,영업용
전북,무주군,승합,계
전북,무주군,화물,관용
전북,무주군,화물,자가용
전북,무주군,화물,영업용
전북,무주군,화물,계
전북,무주군,특수,관용
전북,무주군,특수,자가용
전북,무주군,특수,영업용
전북,무주군,특수,계
전북,무주군,총계,관용
전북,무주군,총계,자가용
전북,무주군,총계,영업용
전북,무주군,총계,계
전북,부안군,승용,관용
전북,부안군,승용,자가용
전북,부안군,승용,영업용
전북,부안군,승용,계
전북,부안군,승합,관용
전북,부안군,승합,자가용
전북,부안군,승합,영업용
전북,부안군,승합,계
전북,부안군,화물,관용
전북,부안군,화물,자가용
전북,부안군,화물,영업용
전북,부안군,화물,계
전북,부안군,특수,관용
전북,부안군,특수,자가용
전북,부안군,특수,영업용
전북,부안군,특수,계
전북,부안군,총계,관용
전북,부안군,총계,자가용
전북,부안군,총계,영업용
전북,부안군,총계,계
전북,순창군,승용,관용
전북,순창군,승용,자가용
전북,순창군,승용,영업용
전북,순창군,승용,계
전북,순창군,승합,관용
전북,순창군,승합,자가용
전북,순창군,승합,영업용
전북,순창군,승합,계
전북,순창군,화물,관용
전북,순창군,화물,자가용
전북,순창군,화물,영업용
전북,순창군,화물,계
전북,순창군,특수,관용
전북,순창군,특수,자가용
전북,순창군,특수,영업용
전북,순창군,특수,계
전북,순창군,총계,관용
전북,순창군,총계,자가용
전북,순창군,총계,영업용
전북,순창군,총계,계
전북,완주군,승용,관용
전북,완주군,승용,자가용
전북,완주군,승용,영업용
전북,완주군,승용,계
전북,완주군,승합,관용
전북,완주군,승합,자가용
전북,완주군,승합,영업용
전북,완주군,승합,계
전북,완주군,화물,관용
전북,완주군,화물,자가용
전북,완주군,화물,영업용
전북,완주군,화물,계
전북,완주군,특수,관용
전북,완주군,특수,자가용
전북,완주군,특수,영업용
전북,완주군,특수,계
전북,완주군,총계,관용
전북,완주군,총계,자가용
전북,완주군,총계,영업용
전북,완주군,총계,계
전북,익산시,승용,관용
전북,익산시,승용,자가용
전북,익산시,승용,영업용
전북,익산시,승용,계
전북,익산시,승합,관용
전북,익산시,승합,자가용
전북,익산시,승합,영업용
전북,익산시,승합,계
전북,익산시,화물,관용
전북,익산시,화물,자가용
전북,익산시,화물,영업용
전북,익산시,화물,계
전북,익산시,특수,관용
전북,익산시,특수,자가용
전북,익산시,특수,영업용
전북,익산시,특수,계
전북,익산시,총계,관용
전북,익산시,총계,자가용
전북,익산시,총계,영업용
전북,익산시,총계,계
전북,임실군,승용,관용
전북,임실군,승용,자가용
전북,임실군,승용,영업용
전북,임실군,승용,계
전북,임실군,승합,관용
전북,임실군,승합,자가용
전북,임실군,승합,영업용
전북,임실군,승합,계
전북,임실군,화물,관용
전북,임실군,화물,자가용
전북,임실군,화물,영업용
전북,임실군,화물,계
전북,임실군,특수,관용
전북,임실군,특수,자가용
전북,임실군,특수,영업용
전북,임실군,특수,계
전북,임실군,총계,관용
전북,임실군,총계,자가용
전북,임실군,총계,영업용
전북,임실군,총계,계
전북,장수군,승용,관용
전북,장수군,승용,자가용
전북,장수군,승용,영업용
전북,장수군,승용,계
전북,장수군,승합,관용
전북,장수군,승합,자가용
전북,장수군,승합,영업용
전북,장수군,승합,계
전북,장수군,화물,관용
전북,장수군,화물,자가용
전북,장수군,화물,영업용
전북,장수군,화물,계
전북,장수군,특수,관용
전북,장수군,특수,자가용
전북,장수군,특수,영업용
전북,장수군,특수,계
전북,장수군,총계,관용
전북,장수군,총계,자가용
전북,장수군,총계,영업용
전북,장수군,총계,계
전북,전주시 덕진구,승용,관용
전북,전주시 덕진구,승용,자가용
전북,전주시 덕진구,승용,영업용
전북,전주시 덕진구,승용,계
전북,전주시 덕진구,승합,관용
전북,전주시 덕진구,승합,자가용
전북,전주시 덕진구,승합,영업용
전북,전주시 덕진구,승합,계
전북,전주시 덕진구,화물,관용
전북,전주시 덕진구,화물,자가용
전북,전주시 덕진구,화물,영업용
전북,전주시 덕진구,화물,계
전북,전주시 덕진구,특수,관용
전북,전주시 덕진구,특수,자가용
전북,전주시 덕진구,특수,영업용
전북,전주시 덕진구,특수,계
전북,전주시 덕진구,총계,관용
전북,전주시 덕진구,총계,자가용
전북,전주시 덕진구,총계,영업용
전북,전주시 덕진구,총계,계
전북,전주시 완산구,승용,관용
전북,전주시 완산구,승용,자가용
전북,전주시 완산구,승용,영업용
전북,전주시 완산구,승용,계
전북,전주시 완산구,승합,관용
전북,전주시 완산구,승합,자가용
전북,전주시 완산구,승합,영업용
전북,전주시 완산구,승합,계
전북,전주시 완산구,화물,관용
전북,전주시 완산구,화물,자가용
전북,전주시 완산구,화물,영업용
전북,전주시 완산구,화물,계
전북,전주시 완산구,특수,관용
전북,전주시 완산구,특수,자가용
전북,전주시 완산구,특수,영업용
전북,전주시 완산구,특수,계
전북,전주시 완산구,총계,관용
전북,전주시 완산구,총계,자가용
전북,전주시 완산구,총계,영업용
전북,전주시 완산구,총계,계
전북,정읍시,승용,관용
전북,정읍시,승용,자가용
전북,정읍시,승용,영업용
전북,정읍시,승용,계
전북,정읍시,승합,관용
전북,정읍시,승합,자가용
전북,정읍시,승합,영업용
전북,정읍시,승합,계
전북,정읍시,화물,관용
전북,정읍시,화물,자가용
전북,정읍시,화물,영업용
전북,정읍시,화물,계
전북,정읍시,특수,관용
전북,정읍시,특수,자가용
전북,정읍시,특수,영업용
전북,정읍시,특수,계
전북,정읍시,총계,관용
전북,정읍시,총계,자가용
전북,정읍시,총계,영업용
전북,정읍시,총계,계
전북,진안군,승용,관용
전북,진안군,승용,자가용
전북,진안군,승용,영업용
전북,진안군,승용,계
전북,진안군,승합,관용
전북,진안군,승합,자가용
전북,진안군,승합,영업용
전북,진안군,승합,계
전북,진안군,화물,관용
전북,진안군,화물,자가용
전북,진안군,화물,영업용
전북,진안군,화물,계
전북,진안군,특수,관용
전북,진안군,특수,자가용
전북,진안군,특수,영업용
전북,진안군,특수,계
전북,진안군,총계,관용
전북,진안군,총계,자가용
전북,진안군,총계,영업용
전북,진안군,총계,계
전북,계,승용,관용
전북,계,승용,자가용
전북,계,승용,영업용
전북,계,승용,계
전북,계,승합,관용
전북,계,승합,자가용
전북,계,승합,영업용
전북,계,승합,계
전북,계,화물,관용
전북,계,화물,자가용
전북,계,화물,영업용
전북,계,화물,계
전북,계,특수,관용
전북,계,특수,자가용
전북,계,특수,영업용
전북,계,특수,계
전북,계,총계,관용
전북,계,총계,자가용
전북,계,총계,영업용
전북,계,총계,계
